Watching for file changes with StatReloader
Watching for file changes with StatReloader
"GET / HTTP/1.1" 200 23672
"GET / HTTP/1.1" 200 23672
"GET /static/assets/vendor/bootstrap-icons/bootstrap-icons.css HTTP/1.1" 200 99556
"GET /static/assets/vendor/bootstrap-icons/bootstrap-icons.css HTTP/1.1" 200 99556
"GET /static/assets/css/main.css HTTP/1.1" 200 53148
"GET /static/assets/css/main.css HTTP/1.1" 200 53148
"GET /static/assets/vendor/bootstrap/css/bootstrap.min.css HTTP/1.1" 200 232018
"GET /static/assets/vendor/bootstrap/css/bootstrap.min.css HTTP/1.1" 200 232018
"GET /static/assets/img/hero.jpg HTTP/1.1" 200 141771
"GET /static/assets/img/hero.jpg HTTP/1.1" 200 141771
"GET /static/assets/img/logo.png HTTP/1.1" 200 497864
"GET /static/assets/img/logo.png HTTP/1.1" 200 497864
"GET /static/assets/vendor/bootstrap/js/bootstrap.bundle.min.js HTTP/1.1" 200 80821
"GET /static/assets/vendor/bootstrap/js/bootstrap.bundle.min.js HTTP/1.1" 200 80821
"GET /static/assets/vendor/glightbox/js/glightbox.min.js HTTP/1.1" 200 56343
"GET /static/assets/vendor/glightbox/js/glightbox.min.js HTTP/1.1" 200 56343
"GET /static/assets/vendor/swiper/swiper-bundle.min.js HTTP/1.1" 200 154597
"GET /static/assets/vendor/swiper/swiper-bundle.min.js HTTP/1.1" 200 154597
"GET /static/assets/vendor/bootstrap-icons/fonts/bootstrap-icons.woff2?e34853135f9e39acf64315236852cd5a HTTP/1.1" 200 134044
"GET /static/assets/vendor/bootstrap-icons/fonts/bootstrap-icons.woff2?e34853135f9e39acf64315236852cd5a HTTP/1.1" 200 134044
"GET /media/products/Jesry.jpeg HTTP/1.1" 304 0
"GET /media/products/Jesry.jpeg HTTP/1.1" 304 0
"GET /media/products/Blackglass.png HTTP/1.1" 200 235505
"GET /media/products/Blackglass.png HTTP/1.1" 200 235505
/Users/yukta/Desktop/Project/ecommerceapp/views.py changed, reloading.
/Users/yukta/Desktop/Project/ecommerceapp/views.py changed, reloading.
Watching for file changes with StatReloader
Watching for file changes with StatReloader
/Users/yukta/Desktop/Project/ecommerceapp/views.py changed, reloading.
/Users/yukta/Desktop/Project/ecommerceapp/views.py changed, reloading.
Watching for file changes with StatReloader
Watching for file changes with StatReloader
/Users/yukta/Desktop/Project/ecommerceapp/urls.py changed, reloading.
/Users/yukta/Desktop/Project/ecommerceapp/urls.py changed, reloading.
Watching for file changes with StatReloader
Watching for file changes with StatReloader
/Users/yukta/Desktop/Project/ecommerceapp/views.py changed, reloading.
/Users/yukta/Desktop/Project/ecommerceapp/views.py changed, reloading.
Watching for file changes with StatReloader
Watching for file changes with StatReloader
/Users/yukta/Desktop/Project/ecommerceapp/views.py changed, reloading.
/Users/yukta/Desktop/Project/ecommerceapp/views.py changed, reloading.
Watching for file changes with StatReloader
Watching for file changes with StatReloader
/Users/yukta/Desktop/Project/ecommerceapp/views.py changed, reloading.
/Users/yukta/Desktop/Project/ecommerceapp/views.py changed, reloading.
Watching for file changes with StatReloader
Watching for file changes with StatReloader
"GET / HTTP/1.1" 200 23672
"GET / HTTP/1.1" 200 23672
"GET /authen/login/ HTTP/1.1" 200 12643
"GET /authen/login/ HTTP/1.1" 200 12643
"GET /static/assets/img/login.jpeg HTTP/1.1" 200 1306874
"GET /static/assets/img/login.jpeg HTTP/1.1" 200 1306874
"POST /authen/login/ HTTP/1.1" 302 0
"POST /authen/login/ HTTP/1.1" 302 0
"GET / HTTP/1.1" 200 23461
"GET / HTTP/1.1" 200 23461
"GET /about/ HTTP/1.1" 200 14365
"GET /about/ HTTP/1.1" 200 14365
"GET /static/assets/img/about.png HTTP/1.1" 200 1575476
"GET /static/assets/img/about.png HTTP/1.1" 200 1575476
"GET /blog/ HTTP/1.1" 200 16348
"GET /blog/ HTTP/1.1" 200 16348
"GET /static/assets/img/blog/handbag.webp HTTP/1.1" 200 23206
"GET /static/assets/img/blog/handbag.webp HTTP/1.1" 200 23206
"GET /static/assets/img/blog/sunglasses.webp HTTP/1.1" 200 109078
"GET /static/assets/img/blog/belt.jpg HTTP/1.1" 200 251783
"GET /static/assets/img/blog/sunglasses.webp HTTP/1.1" 200 109078
"GET /static/assets/img/blog/belt.jpg HTTP/1.1" 200 251783
"GET /static/assets/img/blog/scarf.webp HTTP/1.1" 200 122686
"GET /static/assets/img/blog/scarf.webp HTTP/1.1" 200 122686
"GET /static/assets/img/blog/statement-necklace.png HTTP/1.1" 200 906188
"GET /static/assets/img/blog/statement-necklace.png HTTP/1.1" 200 906188
"GET /checkout/ HTTP/1.1" 200 24540
"GET /checkout/ HTTP/1.1" 200 24540
"GET /profile/ HTTP/1.1" 200 52632
"GET /profile/ HTTP/1.1" 200 52632
"GET / HTTP/1.1" 200 23461
"GET / HTTP/1.1" 200 23461
"GET /admin/ HTTP/1.1" 200 10632
"GET /admin/ HTTP/1.1" 200 10632
"GET /static/admin/css/dark_mode.css HTTP/1.1" 304 0
"GET /static/admin/css/nav_sidebar.css HTTP/1.1" 304 0
"GET /static/admin/css/dark_mode.css HTTP/1.1" 304 0
"GET /static/admin/css/nav_sidebar.css HTTP/1.1" 304 0
"GET /static/admin/css/base.css HTTP/1.1" 200 21310
"GET /static/admin/css/dashboard.css HTTP/1.1" 304 0
"GET /static/admin/css/base.css HTTP/1.1" 200 21310
"GET /static/admin/js/theme.js HTTP/1.1" 304 0
"GET /static/admin/js/theme.js HTTP/1.1" 304 0
"GET /static/admin/js/nav_sidebar.js HTTP/1.1" 304 0
"GET /static/admin/js/nav_sidebar.js HTTP/1.1" 304 0
"GET /static/admin/css/dashboard.css HTTP/1.1" 304 0
"GET /static/admin/css/responsive.css HTTP/1.1" 200 18559
"GET /static/admin/css/responsive.css HTTP/1.1" 200 18559
"GET /static/admin/img/icon-addlink.svg HTTP/1.1" 304 0
"GET /static/admin/img/icon-addlink.svg HTTP/1.1" 304 0
"GET /static/admin/img/icon-changelink.svg HTTP/1.1" 304 0
"GET /static/admin/img/icon-changelink.svg HTTP/1.1" 304 0
Not Found: /favicon.ico
Not Found: /favicon.ico
"GET /favicon.ico HTTP/1.1" 404 5554
"GET /favicon.ico HTTP/1.1" 404 5554
"GET /admin/ecommerceapp/product/ HTTP/1.1" 200 31461
"GET /admin/ecommerceapp/product/ HTTP/1.1" 200 31461
"GET /static/admin/css/changelists.css HTTP/1.1" 304 0
"GET /static/admin/css/changelists.css HTTP/1.1" 304 0
"GET /static/admin/css/forms.css HTTP/1.1" 304 0
"GET /static/admin/css/forms.css HTTP/1.1" 304 0
"GET /static/admin/js/core.js HTTP/1.1" 304 0
"GET /static/admin/js/core.js HTTP/1.1" 304 0
"GET /static/admin/js/jquery.init.js HTTP/1.1" 304 0
"GET /static/admin/js/jquery.init.js HTTP/1.1" 304 0
"GET /static/admin/js/admin/RelatedObjectLookups.js HTTP/1.1" 200 8943
"GET /static/admin/js/urlify.js HTTP/1.1" 304 0
"GET /static/admin/js/actions.js HTTP/1.1" 304 0
"GET /static/admin/js/admin/RelatedObjectLookups.js HTTP/1.1" 200 8943
"GET /static/admin/js/urlify.js HTTP/1.1" 304 0
"GET /static/admin/js/actions.js HTTP/1.1" 304 0
"GET /static/admin/css/widgets.css HTTP/1.1" 200 11921
"GET /static/admin/img/search.svg HTTP/1.1" 304 0
"GET /static/admin/js/prepopulate.js HTTP/1.1" 304 0
"GET /static/admin/css/widgets.css HTTP/1.1" 200 11921
"GET /static/admin/img/search.svg HTTP/1.1" 304 0
"GET /static/admin/js/prepopulate.js HTTP/1.1" 304 0
"GET /static/admin/js/vendor/jquery/jquery.js HTTP/1.1" 200 292458
"GET /static/admin/js/vendor/jquery/jquery.js HTTP/1.1" 200 292458
"GET /static/admin/js/vendor/xregexp/xregexp.js HTTP/1.1" 200 232381
"GET /static/admin/js/vendor/xregexp/xregexp.js HTTP/1.1" 200 232381
"GET /static/admin/js/filters.js HTTP/1.1" 304 0
"GET /static/admin/js/filters.js HTTP/1.1" 304 0
"GET /media/products/whitecoat.jpg HTTP/1.1" 304 0
"GET /media/products/whitecoat.jpg HTTP/1.1" 304 0
"GET /media/products/Trekjacket.webp HTTP/1.1" 304 0
"GET /media/products/Trekjacket.webp HTTP/1.1" 304 0
"GET /admin/jsi18n/ HTTP/1.1" 200 3343
"GET /admin/jsi18n/ HTTP/1.1" 200 3343
"GET /media/products/Tightjeans.jpg HTTP/1.1" 304 0
"GET /media/products/Traditional.webp HTTP/1.1" 200 51538
"GET /media/products/Tightjeans.jpg HTTP/1.1" 304 0
"GET /media/products/Traditional.webp HTTP/1.1" 200 51538
"GET /media/products/Threesuit.jpg HTTP/1.1" 304 0
"GET /media/products/Threesuit.jpg HTTP/1.1" 304 0
"GET /media/products/nepal.jpeg HTTP/1.1" 304 0
"GET /media/products/nepal.jpeg HTTP/1.1" 304 0
"GET /media/products/Suit.webp HTTP/1.1" 304 0
"GET /media/products/Suit.webp HTTP/1.1" 304 0
"GET /media/products/men.jpeg HTTP/1.1" 304 0
"GET /media/products/men.jpeg HTTP/1.1" 304 0
"GET /media/products/nightdress.webp HTTP/1.1" 200 83728
"GET /media/products/nightdress.webp HTTP/1.1" 200 83728
"GET /media/products/longcoats.webp HTTP/1.1" 200 92766
"GET /media/products/longcoats.webp HTTP/1.1" 200 92766
"GET /media/products/pajamass.jpg HTTP/1.1" 200 100689
"GET /media/products/pajamass.jpg HTTP/1.1" 200 100689
"GET /static/admin/img/tooltag-add.svg HTTP/1.1" 304 0
"GET /static/admin/img/tooltag-add.svg HTTP/1.1" 304 0
"GET /media/products/Leather.png HTTP/1.1" 200 128174
"GET /media/products/Leather.png HTTP/1.1" 200 128174
"GET /static/admin/img/sorting-icons.svg HTTP/1.1" 304 0
"GET /media/products/inidanwear.webp HTTP/1.1" 304 0
"GET /static/admin/img/sorting-icons.svg HTTP/1.1" 304 0
"GET /media/products/Sets.jpg HTTP/1.1" 200 194424
"GET /media/products/inidanwear.webp HTTP/1.1" 304 0
"GET /media/products/jean.jpg HTTP/1.1" 304 0
"GET /media/products/kurtha.webp HTTP/1.1" 200 107886
"GET /media/products/jean.jpg HTTP/1.1" 304 0
"GET /media/products/Sets.jpg HTTP/1.1" 200 194424
"GET /media/products/kurtha.webp HTTP/1.1" 200 107886
"GET /media/products/Huddie.jpg HTTP/1.1" 304 0
"GET /media/products/Huddie.jpg HTTP/1.1" 304 0
"GET /media/products/jacket.jpg HTTP/1.1" 200 139767
"GET /media/products/jacket.jpg HTTP/1.1" 200 139767
"GET /media/products/Messi.png HTTP/1.1" 200 493319
"GET /media/products/Messi.png HTTP/1.1" 200 493319
"GET /media/products/Hoodie.webp HTTP/1.1" 200 299278
"GET /media/products/Hoodie.webp HTTP/1.1" 200 299278
"GET /admin/ecommerceapp/product/?all= HTTP/1.1" 200 109797
"GET /admin/ecommerceapp/product/?all= HTTP/1.1" 200 109797
"GET /media/products/Half.webp HTTP/1.1" 200 124964
"GET /media/products/Half.webp HTTP/1.1" 200 124964
"GET /media/products/Floraljacket.png HTTP/1.1" 200 158303
"GET /media/products/Floraljacket.png HTTP/1.1" 200 158303
"GET /media/products/Denim.jpg HTTP/1.1" 304 0
"GET /media/products/Denim.jpg HTTP/1.1" 304 0
"GET /media/products/casul.jpg HTTP/1.1" 200 167399
"GET /media/products/casul.jpg HTTP/1.1" 200 167399
"GET /media/products/Browntishirt.webp HTTP/1.1" 200 111130
"GET /media/products/Browntishirt.webp HTTP/1.1" 200 111130
"GET /media/products/Bluejeans.jpg HTTP/1.1" 200 500104
"GET /media/products/Bluejeans.jpg HTTP/1.1" 200 500104
"GET /admin/jsi18n/ HTTP/1.1" 200 3343
"GET /admin/jsi18n/ HTTP/1.1" 200 3343
"GET /media/products/Cargo.jpg HTTP/1.1" 200 64433
"GET /media/products/Cargo.jpg HTTP/1.1" 200 64433
"GET /media/products/blazzer.jpg HTTP/1.1" 200 329022
"GET /media/products/blazzer.jpg HTTP/1.1" 200 329022
"GET /media/products/blackcargo.jpg HTTP/1.1" 304 0
"GET /media/products/blackcargo.jpg HTTP/1.1" 304 0
"GET /media/products/pajama.jpg HTTP/1.1" 304 0
"GET /media/products/pajama.jpg HTTP/1.1" 304 0
"GET /media/products/nighty.jpg HTTP/1.1" 304 0
"GET /media/products/south_indian.jpg HTTP/1.1" 200 111905
"GET /media/products/nighty.jpg HTTP/1.1" 304 0
"GET /media/products/south_indian.jpg HTTP/1.1" 200 111905
"GET /media/products/top.webp HTTP/1.1" 200 111876
"GET /media/products/top.webp HTTP/1.1" 200 111876
"GET /media/products/Pink.webp HTTP/1.1" 200 80342
"GET /media/products/Pink.webp HTTP/1.1" 200 80342
"GET /media/products/Longsweater.jpg HTTP/1.1" 304 0
"GET /media/products/Longsweater.jpg HTTP/1.1" 304 0
"GET /media/products/Setts.jpg HTTP/1.1" 200 203094
"GET /media/products/Setts.jpg HTTP/1.1" 200 203094
"GET /media/products/Pakistani.webp HTTP/1.1" 200 131934
"GET /media/products/Pakistani.webp HTTP/1.1" 200 131934
"GET /media/products/nepalisari.webp HTTP/1.1" 200 111997
"GET /media/products/nepalisari.webp HTTP/1.1" 200 111997
"GET /media/products/kurthe.webp HTTP/1.1" 304 0
"GET /media/products/Long.jpg HTTP/1.1" 200 58916
"GET /media/products/kurthe.webp HTTP/1.1" 304 0
"GET /media/products/Jackett.jpeg HTTP/1.1" 304 0
"GET /media/products/Long.jpg HTTP/1.1" 200 58916
"GET /media/products/Jackett.jpeg HTTP/1.1" 304 0
"GET /media/products/kurthee.webp HTTP/1.1" 304 0
"GET /media/products/kurthee.webp HTTP/1.1" 304 0
"GET /media/products/Indian_outfit.jpg HTTP/1.1" 304 0
"GET /media/products/Indian_outfit.jpg HTTP/1.1" 304 0
"GET /media/products/lenga.webp HTTP/1.1" 200 51114
"GET /media/products/lenga.webp HTTP/1.1" 200 51114
"GET /media/products/lengs.jpg HTTP/1.1" 200 367771
"GET /media/products/lengs.jpg HTTP/1.1" 200 367771
"GET /media/products/glitergown.jpg HTTP/1.1" 200 112125
"GET /media/products/glitergown.jpg HTTP/1.1" 200 112125
"GET /media/products/girl.jpg HTTP/1.1" 200 95933
"GET /media/products/girl.jpg HTTP/1.1" 200 95933
"GET /media/products/kurtha_set.jpg HTTP/1.1" 200 157212
"GET /media/products/d.jpg HTTP/1.1" 200 94380
"GET /media/products/d.jpg HTTP/1.1" 200 94380
"GET /media/products/kurtha_set.jpg HTTP/1.1" 200 157212
"GET /media/products/cotton.webp HTTP/1.1" 304 0
"GET /media/products/Fullsleeve.png HTTP/1.1" 200 187965
"GET /media/products/Fullsleeve.png HTTP/1.1" 200 187965
"GET /media/products/cotton.webp HTTP/1.1" 304 0
"GET /media/products/Cargopant.webp HTTP/1.1" 304 0
"GET /media/products/Formal_Pnat.jpg HTTP/1.1" 200 296161
"GET /media/products/Cargopant.webp HTTP/1.1" 304 0
"GET /media/products/Formal_Pnat.jpg HTTP/1.1" 200 296161
"GET /media/products/croptop.png HTTP/1.1" 200 176218
"GET /media/products/croptop.png HTTP/1.1" 200 176218
"GET /media/products/Bnarsi_sari.jpg HTTP/1.1" 304 0
"GET /media/products/Bnarsi_sari.jpg HTTP/1.1" 304 0
"GET /media/products/blackbody.webp HTTP/1.1" 304 0
"GET /media/products/blackbody.webp HTTP/1.1" 304 0
"GET /media/products/Bridal_lenga.jpg HTTP/1.1" 200 103851
"GET /media/products/Bridal_lenga.jpg HTTP/1.1" 200 103851
"GET /media/products/boorder.webp HTTP/1.1" 200 65996
"GET /media/products/boorder.webp HTTP/1.1" 200 65996
"GET /media/products/Bluegown.webp HTTP/1.1" 200 77038
"GET /media/products/Blackjacket.jpg HTTP/1.1" 200 75912
"GET /media/products/boody.webp HTTP/1.1" 200 212764
"GET /media/products/Anarkali.webp HTTP/1.1" 304 0
"GET /media/products/Bluegown.webp HTTP/1.1" 200 77038
"GET /media/products/Blackjacket.jpg HTTP/1.1" 200 75912
"GET /media/products/boody.webp HTTP/1.1" 200 212764
"GET /media/products/Anarkali.webp HTTP/1.1" 304 0
"GET /media/products/Princess_dress.jpeg HTTP/1.1" 304 0
"GET /media/products/Threepieceset.webp HTTP/1.1" 304 0
"GET /media/products/Threepieceset.webp HTTP/1.1" 304 0
"GET /media/products/Sorts.webp HTTP/1.1" 304 0
"GET /media/products/Princess_dress.jpeg HTTP/1.1" 304 0
"GET /media/products/Sorts.webp HTTP/1.1" 304 0
"GET /media/products/Frock.webp HTTP/1.1" 304 0
"GET /media/products/Frock.webp HTTP/1.1" 304 0
"GET /media/products/Track.png HTTP/1.1" 200 96832
"GET /media/products/Track.png HTTP/1.1" 200 96832
"GET /media/products/Floral.webp HTTP/1.1" 304 0
"GET /media/products/Floral.webp HTTP/1.1" 304 0
"GET /media/products/Boy_Night_dress.jpg HTTP/1.1" 200 73459
"GET /media/products/Boy_Night_dress.jpg HTTP/1.1" 200 73459
"GET /media/products/boy_dress.jpg HTTP/1.1" 304 0
"GET /media/products/boy_dress.jpg HTTP/1.1" 304 0
"GET /media/products/bbay_dress.jpeg HTTP/1.1" 304 0
"GET /media/products/bbay_dress.jpeg HTTP/1.1" 304 0
"GET /media/products/bathtrop.jpeg HTTP/1.1" 304 0
"GET /media/products/bathtrop.jpeg HTTP/1.1" 304 0
"GET /media/products/Florals.webp HTTP/1.1" 200 146850
"GET /media/products/Huddie.png HTTP/1.1" 200 140982
"GET /media/products/daura.jpg HTTP/1.1" 200 52740
"GET /media/products/babypant.jpeg HTTP/1.1" 304 0
"GET /media/products/Florals.webp HTTP/1.1" 200 146850
"GET /media/products/Huddie.png HTTP/1.1" 200 140982
"GET /media/products/daura.jpg HTTP/1.1" 200 52740
"GET /media/products/babypant.jpeg HTTP/1.1" 304 0
"GET /media/products/Blackhudie.png HTTP/1.1" 200 85748
"GET /media/products/baby_dress.webp HTTP/1.1" 304 0
"GET /media/products/Blackhudie.png HTTP/1.1" 200 85748
"GET /media/products/baby_dress.webp HTTP/1.1" 304 0
"GET /media/products/pajamas.webp HTTP/1.1" 200 177028
"GET /media/products/pajamas.webp HTTP/1.1" 200 177028
"GET /media/products/babykurthi.webp HTTP/1.1" 200 148984
"GET /media/products/babykurthi.webp HTTP/1.1" 200 148984
"GET /media/products/pink_bag.png HTTP/1.1" 200 423860
"GET /media/products/pink_bag.png HTTP/1.1" 200 423860
"GET /media/products/Watch.png HTTP/1.1" 200 724118
"GET /media/products/Watch.png HTTP/1.1" 200 724118
"GET /media/products/Mens_Watch.png HTTP/1.1" 200 910110
"GET /media/products/Mens_Watch.png HTTP/1.1" 200 910110
"GET /media/products/Grey_glass.png HTTP/1.1" 200 548918
"GET /media/products/Grey_glass.png HTTP/1.1" 200 548918
"GET /media/products/Gril_sunglass.png HTTP/1.1" 200 1025175
"GET /media/products/Gril_sunglass.png HTTP/1.1" 200 1025175
"GET /media/products/Girls_belt.png HTTP/1.1" 200 527378
"GET /media/products/Girls_belt.png HTTP/1.1" 200 527378
"GET /media/products/Floral_scarf.png HTTP/1.1" 200 862518
"GET /media/products/Floral_scarf.png HTTP/1.1" 200 862518
"GET /media/products/White_Earing.png HTTP/1.1" 200 2330699
"GET /media/products/White_Earing.png HTTP/1.1" 200 2330699
"GET /media/products/black_bag.png HTTP/1.1" 200 248539
"GET /media/products/black_bag.png HTTP/1.1" 200 248539
"GET /media/products/Earing.png HTTP/1.1" 200 1852083
"GET /media/products/Earing.png HTTP/1.1" 200 1852083
"GET /media/products/Brown_scrf.png HTTP/1.1" 200 662985
"GET /media/products/Brown_scrf.png HTTP/1.1" 200 662985
"GET /media/products/Locket.png HTTP/1.1" 200 3171918
"GET /media/products/Locket.png HTTP/1.1" 200 3171918
"GET /media/products/groom.jpeg HTTP/1.1" 304 0
"GET /media/products/groom.jpeg HTTP/1.1" 304 0
"GET /media/products/halfshirt.jpeg HTTP/1.1" 200 11709
"GET /media/products/halfshirt.jpeg HTTP/1.1" 200 11709
"GET /media/products/Sunglass.jpg HTTP/1.1" 304 0
"GET /media/products/Sunglass.jpg HTTP/1.1" 304 0
"GET /media/products/Diamond_locket.png HTTP/1.1" 200 2481839
"GET /media/products/Diamond_locket.png HTTP/1.1" 200 2481839
"GET /media/products/briidal.jpeg HTTP/1.1" 304 0
"GET /media/products/briidal.jpeg HTTP/1.1" 304 0
"GET /media/products/gown.jpg HTTP/1.1" 304 0
"GET /media/products/gown.jpg HTTP/1.1" 304 0
"GET /media/products/kuthe.webp HTTP/1.1" 200 86924
"GET /media/products/kuthe.webp HTTP/1.1" 200 86924
"GET /media/products/Flower_earring.png HTTP/1.1" 200 3200532
"GET /media/products/Flower_earring.png HTTP/1.1" 200 3200532
"GET /media/products/Belt.png HTTP/1.1" 200 898110
"GET /media/products/Belt.png HTTP/1.1" 200 898110
"GET /media/products/frocks.webp HTTP/1.1" 200 177098
"GET /media/products/frocks.webp HTTP/1.1" 200 177098
"GET /media/products/Beltt.png HTTP/1.1" 200 1730687
"GET /media/products/Beltt.png HTTP/1.1" 200 1730687
"GET /media/products/Earings.png HTTP/1.1" 200 3246711
"GET /media/products/Earings.png HTTP/1.1" 200 3246711
"GET / HTTP/1.1" 200 23461
"GET / HTTP/1.1" 200 23461
"GET / HTTP/1.1" 200 23461
"GET / HTTP/1.1" 200 23461
"GET /profile/ HTTP/1.1" 200 52632
"GET /profile/ HTTP/1.1" 200 52632
Internal Server Error: /orders/ORD-0B0ABF1D/
Traceback (most recent call last):
  File "/Users/yukta/Desktop/Project/venv/lib/python3.13/site-packages/django/core/handlers/exception.py", line 55, in inner
    response = get_response(request)
  File "/Users/yukta/Desktop/Project/venv/lib/python3.13/site-packages/django/core/handlers/base.py", line 197, in _get_response
    response = wrapped_callback(request, *callback_args, **callback_kwargs)
  File "/Users/yukta/Desktop/Project/venv/lib/python3.13/site-packages/django/contrib/auth/decorators.py", line 23, in _wrapper_view
    return view_func(request, *args, **kwargs)
  File "/Users/yukta/Desktop/Project/ecommerceapp/views.py", line 219, in order_detail
    return render(request, 'order_detail.html', context)
  File "/Users/yukta/Desktop/Project/venv/lib/python3.13/site-packages/django/shortcuts.py", line 24, in render
    content = loader.render_to_string(template_name, context, request, using=using)
  File "/Users/yukta/Desktop/Project/venv/lib/python3.13/site-packages/django/template/loader.py", line 61, in render_to_string
    template = get_template(template_name, using=using)
  File "/Users/yukta/Desktop/Project/venv/lib/python3.13/site-packages/django/template/loader.py", line 19, in get_template
    raise TemplateDoesNotExist(template_name, chain=chain)
django.template.exceptions.TemplateDoesNotExist: order_detail.html
Internal Server Error: /orders/ORD-0B0ABF1D/
Traceback (most recent call last):
  File "/Users/yukta/Desktop/Project/venv/lib/python3.13/site-packages/django/core/handlers/exception.py", line 55, in inner
    response = get_response(request)
  File "/Users/yukta/Desktop/Project/venv/lib/python3.13/site-packages/django/core/handlers/base.py", line 197, in _get_response
    response = wrapped_callback(request, *callback_args, **callback_kwargs)
  File "/Users/yukta/Desktop/Project/venv/lib/python3.13/site-packages/django/contrib/auth/decorators.py", line 23, in _wrapper_view
    return view_func(request, *args, **kwargs)
  File "/Users/yukta/Desktop/Project/ecommerceapp/views.py", line 219, in order_detail
    return render(request, 'order_detail.html', context)
  File "/Users/yukta/Desktop/Project/venv/lib/python3.13/site-packages/django/shortcuts.py", line 24, in render
    content = loader.render_to_string(template_name, context, request, using=using)
  File "/Users/yukta/Desktop/Project/venv/lib/python3.13/site-packages/django/template/loader.py", line 61, in render_to_string
    template = get_template(template_name, using=using)
  File "/Users/yukta/Desktop/Project/venv/lib/python3.13/site-packages/django/template/loader.py", line 19, in get_template
    raise TemplateDoesNotExist(template_name, chain=chain)
django.template.exceptions.TemplateDoesNotExist: order_detail.html
"GET /orders/ORD-0B0ABF1D/ HTTP/1.1" 500 87312
"GET /orders/ORD-0B0ABF1D/ HTTP/1.1" 500 87312
"GET / HTTP/1.1" 200 23461
"GET / HTTP/1.1" 200 23461
/Users/yukta/Desktop/Project/ecommerceapp/views.py changed, reloading.
/Users/yukta/Desktop/Project/ecommerceapp/views.py changed, reloading.
Watching for file changes with StatReloader
Watching for file changes with StatReloader
"GET / HTTP/1.1" 200 130696
"GET / HTTP/1.1" 200 130696
"GET /checkout/ HTTP/1.1" 200 24294
"GET /checkout/ HTTP/1.1" 200 24294
"POST /checkout/ HTTP/1.1" 200 25503
"POST /checkout/ HTTP/1.1" 200 25503
"GET /orders/ HTTP/1.1" 200 54883
"GET /orders/ HTTP/1.1" 200 54883
Internal Server Error: /orders/ORD-1DD40F55/
Traceback (most recent call last):
  File "/Users/yukta/Desktop/Project/venv/lib/python3.13/site-packages/django/core/handlers/exception.py", line 55, in inner
    response = get_response(request)
  File "/Users/yukta/Desktop/Project/venv/lib/python3.13/site-packages/django/core/handlers/base.py", line 197, in _get_response
    response = wrapped_callback(request, *callback_args, **callback_kwargs)
  File "/Users/yukta/Desktop/Project/venv/lib/python3.13/site-packages/django/contrib/auth/decorators.py", line 23, in _wrapper_view
    return view_func(request, *args, **kwargs)
  File "/Users/yukta/Desktop/Project/ecommerceapp/views.py", line 292, in order_detail
    return render(request, 'order_detail.html', context)
  File "/Users/yukta/Desktop/Project/venv/lib/python3.13/site-packages/django/shortcuts.py", line 24, in render
    content = loader.render_to_string(template_name, context, request, using=using)
  File "/Users/yukta/Desktop/Project/venv/lib/python3.13/site-packages/django/template/loader.py", line 61, in render_to_string
    template = get_template(template_name, using=using)
  File "/Users/yukta/Desktop/Project/venv/lib/python3.13/site-packages/django/template/loader.py", line 19, in get_template
    raise TemplateDoesNotExist(template_name, chain=chain)
django.template.exceptions.TemplateDoesNotExist: order_detail.html
Internal Server Error: /orders/ORD-1DD40F55/
Traceback (most recent call last):
  File "/Users/yukta/Desktop/Project/venv/lib/python3.13/site-packages/django/core/handlers/exception.py", line 55, in inner
    response = get_response(request)
  File "/Users/yukta/Desktop/Project/venv/lib/python3.13/site-packages/django/core/handlers/base.py", line 197, in _get_response
    response = wrapped_callback(request, *callback_args, **callback_kwargs)
  File "/Users/yukta/Desktop/Project/venv/lib/python3.13/site-packages/django/contrib/auth/decorators.py", line 23, in _wrapper_view
    return view_func(request, *args, **kwargs)
  File "/Users/yukta/Desktop/Project/ecommerceapp/views.py", line 292, in order_detail
    return render(request, 'order_detail.html', context)
  File "/Users/yukta/Desktop/Project/venv/lib/python3.13/site-packages/django/shortcuts.py", line 24, in render
    content = loader.render_to_string(template_name, context, request, using=using)
  File "/Users/yukta/Desktop/Project/venv/lib/python3.13/site-packages/django/template/loader.py", line 61, in render_to_string
    template = get_template(template_name, using=using)
  File "/Users/yukta/Desktop/Project/venv/lib/python3.13/site-packages/django/template/loader.py", line 19, in get_template
    raise TemplateDoesNotExist(template_name, chain=chain)
django.template.exceptions.TemplateDoesNotExist: order_detail.html
"GET /orders/ORD-1DD40F55/ HTTP/1.1" 500 86176
"GET /orders/ORD-1DD40F55/ HTTP/1.1" 500 86176
"GET /profile/ HTTP/1.1" 200 53505
"GET /profile/ HTTP/1.1" 200 53505
Internal Server Error: /orders/ORD-1DD40F55/
Traceback (most recent call last):
  File "/Users/yukta/Desktop/Project/venv/lib/python3.13/site-packages/django/core/handlers/exception.py", line 55, in inner
    response = get_response(request)
  File "/Users/yukta/Desktop/Project/venv/lib/python3.13/site-packages/django/core/handlers/base.py", line 197, in _get_response
    response = wrapped_callback(request, *callback_args, **callback_kwargs)
  File "/Users/yukta/Desktop/Project/venv/lib/python3.13/site-packages/django/contrib/auth/decorators.py", line 23, in _wrapper_view
    return view_func(request, *args, **kwargs)
  File "/Users/yukta/Desktop/Project/ecommerceapp/views.py", line 292, in order_detail
    return render(request, 'order_detail.html', context)
  File "/Users/yukta/Desktop/Project/venv/lib/python3.13/site-packages/django/shortcuts.py", line 24, in render
    content = loader.render_to_string(template_name, context, request, using=using)
  File "/Users/yukta/Desktop/Project/venv/lib/python3.13/site-packages/django/template/loader.py", line 61, in render_to_string
    template = get_template(template_name, using=using)
  File "/Users/yukta/Desktop/Project/venv/lib/python3.13/site-packages/django/template/loader.py", line 19, in get_template
    raise TemplateDoesNotExist(template_name, chain=chain)
django.template.exceptions.TemplateDoesNotExist: order_detail.html
Internal Server Error: /orders/ORD-1DD40F55/
Traceback (most recent call last):
  File "/Users/yukta/Desktop/Project/venv/lib/python3.13/site-packages/django/core/handlers/exception.py", line 55, in inner
    response = get_response(request)
  File "/Users/yukta/Desktop/Project/venv/lib/python3.13/site-packages/django/core/handlers/base.py", line 197, in _get_response
    response = wrapped_callback(request, *callback_args, **callback_kwargs)
  File "/Users/yukta/Desktop/Project/venv/lib/python3.13/site-packages/django/contrib/auth/decorators.py", line 23, in _wrapper_view
    return view_func(request, *args, **kwargs)
  File "/Users/yukta/Desktop/Project/ecommerceapp/views.py", line 292, in order_detail
    return render(request, 'order_detail.html', context)
  File "/Users/yukta/Desktop/Project/venv/lib/python3.13/site-packages/django/shortcuts.py", line 24, in render
    content = loader.render_to_string(template_name, context, request, using=using)
  File "/Users/yukta/Desktop/Project/venv/lib/python3.13/site-packages/django/template/loader.py", line 61, in render_to_string
    template = get_template(template_name, using=using)
  File "/Users/yukta/Desktop/Project/venv/lib/python3.13/site-packages/django/template/loader.py", line 19, in get_template
    raise TemplateDoesNotExist(template_name, chain=chain)
django.template.exceptions.TemplateDoesNotExist: order_detail.html
"GET /orders/ORD-1DD40F55/ HTTP/1.1" 500 86177
"GET /orders/ORD-1DD40F55/ HTTP/1.1" 500 86177
/Users/yukta/Desktop/Project/ecommerceapp/views.py changed, reloading.
/Users/yukta/Desktop/Project/ecommerceapp/views.py changed, reloading.
Watching for file changes with StatReloader
Watching for file changes with StatReloader
/Users/yukta/Desktop/Project/ecommerceapp/views.py changed, reloading.
/Users/yukta/Desktop/Project/ecommerceapp/views.py changed, reloading.
Watching for file changes with StatReloader
Watching for file changes with StatReloader
/Users/yukta/Desktop/Project/ecommerceapp/views.py changed, reloading.
/Users/yukta/Desktop/Project/ecommerceapp/views.py changed, reloading.
Watching for file changes with StatReloader
Watching for file changes with StatReloader
/Users/yukta/Desktop/Project/ecommerceapp/views.py changed, reloading.
/Users/yukta/Desktop/Project/ecommerceapp/views.py changed, reloading.
Watching for file changes with StatReloader
Watching for file changes with StatReloader
/Users/yukta/Desktop/Project/ecommerceapp/urls.py changed, reloading.
/Users/yukta/Desktop/Project/ecommerceapp/urls.py changed, reloading.
Watching for file changes with StatReloader
Watching for file changes with StatReloader
/Users/yukta/Desktop/Project/ecommerceapp/urls.py changed, reloading.
/Users/yukta/Desktop/Project/ecommerceapp/urls.py changed, reloading.
Watching for file changes with StatReloader
Watching for file changes with StatReloader
/Users/yukta/Desktop/Project/ecommerceapp/urls.py changed, reloading.
/Users/yukta/Desktop/Project/ecommerceapp/urls.py changed, reloading.
Watching for file changes with StatReloader
Watching for file changes with StatReloader
"GET / HTTP/1.1" 200 130696
"GET / HTTP/1.1" 200 130696
"GET /checkout/ HTTP/1.1" 200 24294
"GET /checkout/ HTTP/1.1" 200 24294
"POST /checkout/ HTTP/1.1" 200 25503
"POST /checkout/ HTTP/1.1" 200 25503
Internal Server Error: /khalti/payment/
Traceback (most recent call last):
  File "/Users/yukta/Desktop/Project/venv/lib/python3.13/site-packages/django/core/handlers/exception.py", line 55, in inner
    response = get_response(request)
  File "/Users/yukta/Desktop/Project/venv/lib/python3.13/site-packages/django/core/handlers/base.py", line 197, in _get_response
    response = wrapped_callback(request, *callback_args, **callback_kwargs)
  File "/Users/yukta/Desktop/Project/venv/lib/python3.13/site-packages/django/contrib/auth/decorators.py", line 23, in _wrapper_view
    return view_func(request, *args, **kwargs)
  File "/Users/yukta/Desktop/Project/ecommerceapp/views.py", line 412, in khalti_payment
    return render(request, 'khalti_payment.html', context)
  File "/Users/yukta/Desktop/Project/venv/lib/python3.13/site-packages/django/shortcuts.py", line 24, in render
    content = loader.render_to_string(template_name, context, request, using=using)
  File "/Users/yukta/Desktop/Project/venv/lib/python3.13/site-packages/django/template/loader.py", line 62, in render_to_string
    return template.render(context, request)
           ~~~~~~~~~~~~~~~^^^^^^^^^^^^^^^^^^
  File "/Users/yukta/Desktop/Project/venv/lib/python3.13/site-packages/django/template/backends/django.py", line 61, in render
    return self.template.render(context)
           ~~~~~~~~~~~~~~~~~~~~^^^^^^^^^
  File "/Users/yukta/Desktop/Project/venv/lib/python3.13/site-packages/django/template/base.py", line 175, in render
    return self._render(context)
           ~~~~~~~~~~~~^^^^^^^^^
  File "/Users/yukta/Desktop/Project/venv/lib/python3.13/site-packages/django/template/base.py", line 167, in _render
    return self.nodelist.render(context)
           ~~~~~~~~~~~~~~~~~~~~^^^^^^^^^
  File "/Users/yukta/Desktop/Project/venv/lib/python3.13/site-packages/django/template/base.py", line 1005, in render
    return SafeString("".join([node.render_annotated(context) for node in self]))
                               ~~~~~~~~~~~~~~~~~~~~~^^^^^^^^^
  File "/Users/yukta/Desktop/Project/venv/lib/python3.13/site-packages/django/template/base.py", line 966, in render_annotated
    return self.render(context)
           ~~~~~~~~~~~^^^^^^^^^
  File "/Users/yukta/Desktop/Project/venv/lib/python3.13/site-packages/django/template/loader_tags.py", line 157, in render
    return compiled_parent._render(context)
           ~~~~~~~~~~~~~~~~~~~~~~~^^^^^^^^^
  File "/Users/yukta/Desktop/Project/venv/lib/python3.13/site-packages/django/template/base.py", line 167, in _render
    return self.nodelist.render(context)
           ~~~~~~~~~~~~~~~~~~~~^^^^^^^^^
  File "/Users/yukta/Desktop/Project/venv/lib/python3.13/site-packages/django/template/base.py", line 1005, in render
    return SafeString("".join([node.render_annotated(context) for node in self]))
                               ~~~~~~~~~~~~~~~~~~~~~^^^^^^^^^
  File "/Users/yukta/Desktop/Project/venv/lib/python3.13/site-packages/django/template/base.py", line 966, in render_annotated
    return self.render(context)
           ~~~~~~~~~~~^^^^^^^^^
  File "/Users/yukta/Desktop/Project/venv/lib/python3.13/site-packages/django/template/loader_tags.py", line 63, in render
    result = block.nodelist.render(context)
  File "/Users/yukta/Desktop/Project/venv/lib/python3.13/site-packages/django/template/base.py", line 1005, in render
    return SafeString("".join([node.render_annotated(context) for node in self]))
                               ~~~~~~~~~~~~~~~~~~~~~^^^^^^^^^
  File "/Users/yukta/Desktop/Project/venv/lib/python3.13/site-packages/django/template/base.py", line 966, in render_annotated
    return self.render(context)
           ~~~~~~~~~~~^^^^^^^^^
  File "/Users/yukta/Desktop/Project/venv/lib/python3.13/site-packages/django/template/defaulttags.py", line 471, in render
    url = reverse(view_name, args=args, kwargs=kwargs, current_app=current_app)
  File "/Users/yukta/Desktop/Project/venv/lib/python3.13/site-packages/django/urls/base.py", line 88, in reverse
    return resolver._reverse_with_prefix(view, prefix, *args, **kwargs)
           ~~~~~~~~~~~~~~~~~~~~~~~~~~~~~^^^^^^^^^^^^^^^^^^^^^^^^^^^^^^^
  File "/Users/yukta/Desktop/Project/venv/lib/python3.13/site-packages/django/urls/resolvers.py", line 828, in _reverse_with_prefix
    raise NoReverseMatch(msg)
django.urls.exceptions.NoReverseMatch: Reverse for 'verify_khalti_payment' not found. 'verify_khalti_payment' is not a valid view function or pattern name.
Internal Server Error: /khalti/payment/
Traceback (most recent call last):
  File "/Users/yukta/Desktop/Project/venv/lib/python3.13/site-packages/django/core/handlers/exception.py", line 55, in inner
    response = get_response(request)
  File "/Users/yukta/Desktop/Project/venv/lib/python3.13/site-packages/django/core/handlers/base.py", line 197, in _get_response
    response = wrapped_callback(request, *callback_args, **callback_kwargs)
  File "/Users/yukta/Desktop/Project/venv/lib/python3.13/site-packages/django/contrib/auth/decorators.py", line 23, in _wrapper_view
    return view_func(request, *args, **kwargs)
  File "/Users/yukta/Desktop/Project/ecommerceapp/views.py", line 412, in khalti_payment
    return render(request, 'khalti_payment.html', context)
  File "/Users/yukta/Desktop/Project/venv/lib/python3.13/site-packages/django/shortcuts.py", line 24, in render
    content = loader.render_to_string(template_name, context, request, using=using)
  File "/Users/yukta/Desktop/Project/venv/lib/python3.13/site-packages/django/template/loader.py", line 62, in render_to_string
    return template.render(context, request)
           ~~~~~~~~~~~~~~~^^^^^^^^^^^^^^^^^^
  File "/Users/yukta/Desktop/Project/venv/lib/python3.13/site-packages/django/template/backends/django.py", line 61, in render
    return self.template.render(context)
           ~~~~~~~~~~~~~~~~~~~~^^^^^^^^^
  File "/Users/yukta/Desktop/Project/venv/lib/python3.13/site-packages/django/template/base.py", line 175, in render
    return self._render(context)
           ~~~~~~~~~~~~^^^^^^^^^
  File "/Users/yukta/Desktop/Project/venv/lib/python3.13/site-packages/django/template/base.py", line 167, in _render
    return self.nodelist.render(context)
           ~~~~~~~~~~~~~~~~~~~~^^^^^^^^^
  File "/Users/yukta/Desktop/Project/venv/lib/python3.13/site-packages/django/template/base.py", line 1005, in render
    return SafeString("".join([node.render_annotated(context) for node in self]))
                               ~~~~~~~~~~~~~~~~~~~~~^^^^^^^^^
  File "/Users/yukta/Desktop/Project/venv/lib/python3.13/site-packages/django/template/base.py", line 966, in render_annotated
    return self.render(context)
           ~~~~~~~~~~~^^^^^^^^^
  File "/Users/yukta/Desktop/Project/venv/lib/python3.13/site-packages/django/template/loader_tags.py", line 157, in render
    return compiled_parent._render(context)
           ~~~~~~~~~~~~~~~~~~~~~~~^^^^^^^^^
  File "/Users/yukta/Desktop/Project/venv/lib/python3.13/site-packages/django/template/base.py", line 167, in _render
    return self.nodelist.render(context)
           ~~~~~~~~~~~~~~~~~~~~^^^^^^^^^
  File "/Users/yukta/Desktop/Project/venv/lib/python3.13/site-packages/django/template/base.py", line 1005, in render
    return SafeString("".join([node.render_annotated(context) for node in self]))
                               ~~~~~~~~~~~~~~~~~~~~~^^^^^^^^^
  File "/Users/yukta/Desktop/Project/venv/lib/python3.13/site-packages/django/template/base.py", line 966, in render_annotated
    return self.render(context)
           ~~~~~~~~~~~^^^^^^^^^
  File "/Users/yukta/Desktop/Project/venv/lib/python3.13/site-packages/django/template/loader_tags.py", line 63, in render
    result = block.nodelist.render(context)
  File "/Users/yukta/Desktop/Project/venv/lib/python3.13/site-packages/django/template/base.py", line 1005, in render
    return SafeString("".join([node.render_annotated(context) for node in self]))
                               ~~~~~~~~~~~~~~~~~~~~~^^^^^^^^^
  File "/Users/yukta/Desktop/Project/venv/lib/python3.13/site-packages/django/template/base.py", line 966, in render_annotated
    return self.render(context)
           ~~~~~~~~~~~^^^^^^^^^
  File "/Users/yukta/Desktop/Project/venv/lib/python3.13/site-packages/django/template/defaulttags.py", line 471, in render
    url = reverse(view_name, args=args, kwargs=kwargs, current_app=current_app)
  File "/Users/yukta/Desktop/Project/venv/lib/python3.13/site-packages/django/urls/base.py", line 88, in reverse
    return resolver._reverse_with_prefix(view, prefix, *args, **kwargs)
           ~~~~~~~~~~~~~~~~~~~~~~~~~~~~~^^^^^^^^^^^^^^^^^^^^^^^^^^^^^^^
  File "/Users/yukta/Desktop/Project/venv/lib/python3.13/site-packages/django/urls/resolvers.py", line 828, in _reverse_with_prefix
    raise NoReverseMatch(msg)
django.urls.exceptions.NoReverseMatch: Reverse for 'verify_khalti_payment' not found. 'verify_khalti_payment' is not a valid view function or pattern name.
"GET /khalti/payment/?order_id=ORD-2039F1DA HTTP/1.1" 500 163396
"GET /khalti/payment/?order_id=ORD-2039F1DA HTTP/1.1" 500 163396
"GET /esewa/payment/?order_id=ORD-2039F1DA HTTP/1.1" 200 26120
"GET /esewa/payment/?order_id=ORD-2039F1DA HTTP/1.1" 200 26120
Forbidden (CSRF token missing.): /esewa/payment/
Forbidden (CSRF token missing.): /esewa/payment/
"POST /esewa/payment/?order_id=ORD-2039F1DA HTTP/1.1" 403 2506
"POST /esewa/payment/?order_id=ORD-2039F1DA HTTP/1.1" 403 2506
/Users/yukta/Desktop/Project/ecommerceapp/views.py changed, reloading.
/Users/yukta/Desktop/Project/ecommerceapp/views.py changed, reloading.
Watching for file changes with StatReloader
Watching for file changes with StatReloader
/Users/yukta/Desktop/Project/ecommerceapp/views.py changed, reloading.
/Users/yukta/Desktop/Project/ecommerceapp/views.py changed, reloading.
Watching for file changes with StatReloader
Watching for file changes with StatReloader
/Users/yukta/Desktop/Project/ecommerceapp/views.py changed, reloading.
/Users/yukta/Desktop/Project/ecommerceapp/views.py changed, reloading.
Watching for file changes with StatReloader
Watching for file changes with StatReloader
Watching for file changes with StatReloader
Watching for file changes with StatReloader
"GET / HTTP/1.1" 200 130696
"GET / HTTP/1.1" 200 130696
"GET /checkout/ HTTP/1.1" 200 24294
"GET /checkout/ HTTP/1.1" 200 24294
"POST /checkout/ HTTP/1.1" 200 25487
"POST /checkout/ HTTP/1.1" 200 25487
"GET /khalti/payment/?order_id=ORD-3F58C54B HTTP/1.1" 200 26709
"GET /khalti/payment/?order_id=ORD-3F58C54B HTTP/1.1" 200 26709
"GET /esewa/payment/?order_id=ORD-3F58C54B HTTP/1.1" 200 26120
"GET /esewa/payment/?order_id=ORD-3F58C54B HTTP/1.1" 200 26120
Forbidden (CSRF token missing.): /esewa/payment/
Forbidden (CSRF token missing.): /esewa/payment/
"POST /esewa/payment/?order_id=ORD-3F58C54B HTTP/1.1" 403 2506
"POST /esewa/payment/?order_id=ORD-3F58C54B HTTP/1.1" 403 2506
Internal Server Error: /khalti/payment/
Traceback (most recent call last):
  File "/Users/yukta/Desktop/Project/venv/lib/python3.13/site-packages/django/core/handlers/exception.py", line 55, in inner
    response = get_response(request)
  File "/Users/yukta/Desktop/Project/venv/lib/python3.13/site-packages/django/core/handlers/base.py", line 197, in _get_response
    response = wrapped_callback(request, *callback_args, **callback_kwargs)
  File "/Users/yukta/Desktop/Project/venv/lib/python3.13/site-packages/django/contrib/auth/decorators.py", line 23, in _wrapper_view
    return view_func(request, *args, **kwargs)
  File "/Users/yukta/Desktop/Project/ecommerceapp/views.py", line 412, in khalti_payment
    return render(request, 'khalti_payment.html', context)
  File "/Users/yukta/Desktop/Project/venv/lib/python3.13/site-packages/django/shortcuts.py", line 24, in render
    content = loader.render_to_string(template_name, context, request, using=using)
  File "/Users/yukta/Desktop/Project/venv/lib/python3.13/site-packages/django/template/loader.py", line 62, in render_to_string
    return template.render(context, request)
           ~~~~~~~~~~~~~~~^^^^^^^^^^^^^^^^^^
  File "/Users/yukta/Desktop/Project/venv/lib/python3.13/site-packages/django/template/backends/django.py", line 61, in render
    return self.template.render(context)
           ~~~~~~~~~~~~~~~~~~~~^^^^^^^^^
  File "/Users/yukta/Desktop/Project/venv/lib/python3.13/site-packages/django/template/base.py", line 175, in render
    return self._render(context)
           ~~~~~~~~~~~~^^^^^^^^^
  File "/Users/yukta/Desktop/Project/venv/lib/python3.13/site-packages/django/template/base.py", line 167, in _render
    return self.nodelist.render(context)
           ~~~~~~~~~~~~~~~~~~~~^^^^^^^^^
  File "/Users/yukta/Desktop/Project/venv/lib/python3.13/site-packages/django/template/base.py", line 1005, in render
    return SafeString("".join([node.render_annotated(context) for node in self]))
                               ~~~~~~~~~~~~~~~~~~~~~^^^^^^^^^
  File "/Users/yukta/Desktop/Project/venv/lib/python3.13/site-packages/django/template/base.py", line 966, in render_annotated
    return self.render(context)
           ~~~~~~~~~~~^^^^^^^^^
  File "/Users/yukta/Desktop/Project/venv/lib/python3.13/site-packages/django/template/loader_tags.py", line 157, in render
    return compiled_parent._render(context)
           ~~~~~~~~~~~~~~~~~~~~~~~^^^^^^^^^
  File "/Users/yukta/Desktop/Project/venv/lib/python3.13/site-packages/django/template/base.py", line 167, in _render
    return self.nodelist.render(context)
           ~~~~~~~~~~~~~~~~~~~~^^^^^^^^^
  File "/Users/yukta/Desktop/Project/venv/lib/python3.13/site-packages/django/template/base.py", line 1005, in render
    return SafeString("".join([node.render_annotated(context) for node in self]))
                               ~~~~~~~~~~~~~~~~~~~~~^^^^^^^^^
  File "/Users/yukta/Desktop/Project/venv/lib/python3.13/site-packages/django/template/base.py", line 966, in render_annotated
    return self.render(context)
           ~~~~~~~~~~~^^^^^^^^^
  File "/Users/yukta/Desktop/Project/venv/lib/python3.13/site-packages/django/template/loader_tags.py", line 63, in render
    result = block.nodelist.render(context)
  File "/Users/yukta/Desktop/Project/venv/lib/python3.13/site-packages/django/template/base.py", line 1005, in render
    return SafeString("".join([node.render_annotated(context) for node in self]))
                               ~~~~~~~~~~~~~~~~~~~~~^^^^^^^^^
  File "/Users/yukta/Desktop/Project/venv/lib/python3.13/site-packages/django/template/base.py", line 966, in render_annotated
    return self.render(context)
           ~~~~~~~~~~~^^^^^^^^^
  File "/Users/yukta/Desktop/Project/venv/lib/python3.13/site-packages/django/template/defaulttags.py", line 471, in render
    url = reverse(view_name, args=args, kwargs=kwargs, current_app=current_app)
  File "/Users/yukta/Desktop/Project/venv/lib/python3.13/site-packages/django/urls/base.py", line 88, in reverse
    return resolver._reverse_with_prefix(view, prefix, *args, **kwargs)
           ~~~~~~~~~~~~~~~~~~~~~~~~~~~~~^^^^^^^^^^^^^^^^^^^^^^^^^^^^^^^
  File "/Users/yukta/Desktop/Project/venv/lib/python3.13/site-packages/django/urls/resolvers.py", line 828, in _reverse_with_prefix
    raise NoReverseMatch(msg)
django.urls.exceptions.NoReverseMatch: Reverse for 'verify_khalti_payment' not found. 'verify_khalti_payment' is not a valid view function or pattern name.
Internal Server Error: /khalti/payment/
Traceback (most recent call last):
  File "/Users/yukta/Desktop/Project/venv/lib/python3.13/site-packages/django/core/handlers/exception.py", line 55, in inner
    response = get_response(request)
  File "/Users/yukta/Desktop/Project/venv/lib/python3.13/site-packages/django/core/handlers/base.py", line 197, in _get_response
    response = wrapped_callback(request, *callback_args, **callback_kwargs)
  File "/Users/yukta/Desktop/Project/venv/lib/python3.13/site-packages/django/contrib/auth/decorators.py", line 23, in _wrapper_view
    return view_func(request, *args, **kwargs)
  File "/Users/yukta/Desktop/Project/ecommerceapp/views.py", line 412, in khalti_payment
    return render(request, 'khalti_payment.html', context)
  File "/Users/yukta/Desktop/Project/venv/lib/python3.13/site-packages/django/shortcuts.py", line 24, in render
    content = loader.render_to_string(template_name, context, request, using=using)
  File "/Users/yukta/Desktop/Project/venv/lib/python3.13/site-packages/django/template/loader.py", line 62, in render_to_string
    return template.render(context, request)
           ~~~~~~~~~~~~~~~^^^^^^^^^^^^^^^^^^
  File "/Users/yukta/Desktop/Project/venv/lib/python3.13/site-packages/django/template/backends/django.py", line 61, in render
    return self.template.render(context)
           ~~~~~~~~~~~~~~~~~~~~^^^^^^^^^
  File "/Users/yukta/Desktop/Project/venv/lib/python3.13/site-packages/django/template/base.py", line 175, in render
    return self._render(context)
           ~~~~~~~~~~~~^^^^^^^^^
  File "/Users/yukta/Desktop/Project/venv/lib/python3.13/site-packages/django/template/base.py", line 167, in _render
    return self.nodelist.render(context)
           ~~~~~~~~~~~~~~~~~~~~^^^^^^^^^
  File "/Users/yukta/Desktop/Project/venv/lib/python3.13/site-packages/django/template/base.py", line 1005, in render
    return SafeString("".join([node.render_annotated(context) for node in self]))
                               ~~~~~~~~~~~~~~~~~~~~~^^^^^^^^^
  File "/Users/yukta/Desktop/Project/venv/lib/python3.13/site-packages/django/template/base.py", line 966, in render_annotated
    return self.render(context)
           ~~~~~~~~~~~^^^^^^^^^
  File "/Users/yukta/Desktop/Project/venv/lib/python3.13/site-packages/django/template/loader_tags.py", line 157, in render
    return compiled_parent._render(context)
           ~~~~~~~~~~~~~~~~~~~~~~~^^^^^^^^^
  File "/Users/yukta/Desktop/Project/venv/lib/python3.13/site-packages/django/template/base.py", line 167, in _render
    return self.nodelist.render(context)
           ~~~~~~~~~~~~~~~~~~~~^^^^^^^^^
  File "/Users/yukta/Desktop/Project/venv/lib/python3.13/site-packages/django/template/base.py", line 1005, in render
    return SafeString("".join([node.render_annotated(context) for node in self]))
                               ~~~~~~~~~~~~~~~~~~~~~^^^^^^^^^
  File "/Users/yukta/Desktop/Project/venv/lib/python3.13/site-packages/django/template/base.py", line 966, in render_annotated
    return self.render(context)
           ~~~~~~~~~~~^^^^^^^^^
  File "/Users/yukta/Desktop/Project/venv/lib/python3.13/site-packages/django/template/loader_tags.py", line 63, in render
    result = block.nodelist.render(context)
  File "/Users/yukta/Desktop/Project/venv/lib/python3.13/site-packages/django/template/base.py", line 1005, in render
    return SafeString("".join([node.render_annotated(context) for node in self]))
                               ~~~~~~~~~~~~~~~~~~~~~^^^^^^^^^
  File "/Users/yukta/Desktop/Project/venv/lib/python3.13/site-packages/django/template/base.py", line 966, in render_annotated
    return self.render(context)
           ~~~~~~~~~~~^^^^^^^^^
  File "/Users/yukta/Desktop/Project/venv/lib/python3.13/site-packages/django/template/defaulttags.py", line 471, in render
    url = reverse(view_name, args=args, kwargs=kwargs, current_app=current_app)
  File "/Users/yukta/Desktop/Project/venv/lib/python3.13/site-packages/django/urls/base.py", line 88, in reverse
    return resolver._reverse_with_prefix(view, prefix, *args, **kwargs)
           ~~~~~~~~~~~~~~~~~~~~~~~~~~~~~^^^^^^^^^^^^^^^^^^^^^^^^^^^^^^^
  File "/Users/yukta/Desktop/Project/venv/lib/python3.13/site-packages/django/urls/resolvers.py", line 828, in _reverse_with_prefix
    raise NoReverseMatch(msg)
django.urls.exceptions.NoReverseMatch: Reverse for 'verify_khalti_payment' not found. 'verify_khalti_payment' is not a valid view function or pattern name.
"GET /khalti/payment/?order_id=ORD-3F58C54B HTTP/1.1" 500 163396
"GET /khalti/payment/?order_id=ORD-3F58C54B HTTP/1.1" 500 163396
"GET /about/ HTTP/1.1" 200 14365
"GET /about/ HTTP/1.1" 200 14365
"GET /about/ HTTP/1.1" 200 14365
"GET /about/ HTTP/1.1" 200 14365
"GET / HTTP/1.1" 200 130696
"GET / HTTP/1.1" 200 130696
"GET /team/ HTTP/1.1" 200 15085
"GET /team/ HTTP/1.1" 200 15085
"GET /static/assets/img/team/team-2.png HTTP/1.1" 200 627230
"GET /static/assets/img/team/team-2.png HTTP/1.1" 200 627230
"GET /static/assets/img/team/team-3.png HTTP/1.1" 200 1179276
"GET /static/assets/img/team/team-3.png HTTP/1.1" 200 1179276
"GET /static/assets/img/team/Team-1.png HTTP/1.1" 200 4681009
"GET /static/assets/img/team/Team-1.png HTTP/1.1" 200 4681009
"GET /blog/ HTTP/1.1" 200 16348
"GET /blog/ HTTP/1.1" 200 16348
"GET /checkout/ HTTP/1.1" 200 24294
"GET /checkout/ HTTP/1.1" 200 24294
"GET /profile/ HTTP/1.1" 200 54759
"GET /profile/ HTTP/1.1" 200 54759
"POST /cancel-order/ORD-3F58C54B/ HTTP/1.1" 302 0
"POST /cancel-order/ORD-3F58C54B/ HTTP/1.1" 302 0
"GET /orders/ HTTP/1.1" 200 61303
"GET /orders/ HTTP/1.1" 200 61303
Internal Server Error: /orders/ORD-3F58C54B/
Traceback (most recent call last):
  File "/Users/yukta/Desktop/Project/venv/lib/python3.13/site-packages/django/core/handlers/exception.py", line 55, in inner
    response = get_response(request)
  File "/Users/yukta/Desktop/Project/venv/lib/python3.13/site-packages/django/core/handlers/base.py", line 197, in _get_response
    response = wrapped_callback(request, *callback_args, **callback_kwargs)
  File "/Users/yukta/Desktop/Project/venv/lib/python3.13/site-packages/django/contrib/auth/decorators.py", line 23, in _wrapper_view
    return view_func(request, *args, **kwargs)
  File "/Users/yukta/Desktop/Project/ecommerceapp/views.py", line 330, in order_detail
    return render(request, 'order_detail.html', context)
  File "/Users/yukta/Desktop/Project/venv/lib/python3.13/site-packages/django/shortcuts.py", line 24, in render
    content = loader.render_to_string(template_name, context, request, using=using)
  File "/Users/yukta/Desktop/Project/venv/lib/python3.13/site-packages/django/template/loader.py", line 61, in render_to_string
    template = get_template(template_name, using=using)
  File "/Users/yukta/Desktop/Project/venv/lib/python3.13/site-packages/django/template/loader.py", line 19, in get_template
    raise TemplateDoesNotExist(template_name, chain=chain)
django.template.exceptions.TemplateDoesNotExist: order_detail.html
Internal Server Error: /orders/ORD-3F58C54B/
Traceback (most recent call last):
  File "/Users/yukta/Desktop/Project/venv/lib/python3.13/site-packages/django/core/handlers/exception.py", line 55, in inner
    response = get_response(request)
  File "/Users/yukta/Desktop/Project/venv/lib/python3.13/site-packages/django/core/handlers/base.py", line 197, in _get_response
    response = wrapped_callback(request, *callback_args, **callback_kwargs)
  File "/Users/yukta/Desktop/Project/venv/lib/python3.13/site-packages/django/contrib/auth/decorators.py", line 23, in _wrapper_view
    return view_func(request, *args, **kwargs)
  File "/Users/yukta/Desktop/Project/ecommerceapp/views.py", line 330, in order_detail
    return render(request, 'order_detail.html', context)
  File "/Users/yukta/Desktop/Project/venv/lib/python3.13/site-packages/django/shortcuts.py", line 24, in render
    content = loader.render_to_string(template_name, context, request, using=using)
  File "/Users/yukta/Desktop/Project/venv/lib/python3.13/site-packages/django/template/loader.py", line 61, in render_to_string
    template = get_template(template_name, using=using)
  File "/Users/yukta/Desktop/Project/venv/lib/python3.13/site-packages/django/template/loader.py", line 19, in get_template
    raise TemplateDoesNotExist(template_name, chain=chain)
django.template.exceptions.TemplateDoesNotExist: order_detail.html
"GET /orders/ORD-3F58C54B/ HTTP/1.1" 500 87914
"GET /orders/ORD-3F58C54B/ HTTP/1.1" 500 87914
"POST /cancel-order/ORD-3F58C54B/ HTTP/1.1" 302 0
"POST /cancel-order/ORD-3F58C54B/ HTTP/1.1" 302 0
Internal Server Error: /orders/ORD-3F58C54B/
Traceback (most recent call last):
  File "/Users/yukta/Desktop/Project/venv/lib/python3.13/site-packages/django/core/handlers/exception.py", line 55, in inner
    response = get_response(request)
  File "/Users/yukta/Desktop/Project/venv/lib/python3.13/site-packages/django/core/handlers/base.py", line 197, in _get_response
    response = wrapped_callback(request, *callback_args, **callback_kwargs)
  File "/Users/yukta/Desktop/Project/venv/lib/python3.13/site-packages/django/contrib/auth/decorators.py", line 23, in _wrapper_view
    return view_func(request, *args, **kwargs)
  File "/Users/yukta/Desktop/Project/ecommerceapp/views.py", line 330, in order_detail
    return render(request, 'order_detail.html', context)
  File "/Users/yukta/Desktop/Project/venv/lib/python3.13/site-packages/django/shortcuts.py", line 24, in render
    content = loader.render_to_string(template_name, context, request, using=using)
  File "/Users/yukta/Desktop/Project/venv/lib/python3.13/site-packages/django/template/loader.py", line 61, in render_to_string
    template = get_template(template_name, using=using)
  File "/Users/yukta/Desktop/Project/venv/lib/python3.13/site-packages/django/template/loader.py", line 19, in get_template
    raise TemplateDoesNotExist(template_name, chain=chain)
django.template.exceptions.TemplateDoesNotExist: order_detail.html
Internal Server Error: /orders/ORD-3F58C54B/
Traceback (most recent call last):
  File "/Users/yukta/Desktop/Project/venv/lib/python3.13/site-packages/django/core/handlers/exception.py", line 55, in inner
    response = get_response(request)
  File "/Users/yukta/Desktop/Project/venv/lib/python3.13/site-packages/django/core/handlers/base.py", line 197, in _get_response
    response = wrapped_callback(request, *callback_args, **callback_kwargs)
  File "/Users/yukta/Desktop/Project/venv/lib/python3.13/site-packages/django/contrib/auth/decorators.py", line 23, in _wrapper_view
    return view_func(request, *args, **kwargs)
  File "/Users/yukta/Desktop/Project/ecommerceapp/views.py", line 330, in order_detail
    return render(request, 'order_detail.html', context)
  File "/Users/yukta/Desktop/Project/venv/lib/python3.13/site-packages/django/shortcuts.py", line 24, in render
    content = loader.render_to_string(template_name, context, request, using=using)
  File "/Users/yukta/Desktop/Project/venv/lib/python3.13/site-packages/django/template/loader.py", line 61, in render_to_string
    template = get_template(template_name, using=using)
  File "/Users/yukta/Desktop/Project/venv/lib/python3.13/site-packages/django/template/loader.py", line 19, in get_template
    raise TemplateDoesNotExist(template_name, chain=chain)
django.template.exceptions.TemplateDoesNotExist: order_detail.html
"GET /orders/ORD-3F58C54B/ HTTP/1.1" 500 88354
"GET /orders/ORD-3F58C54B/ HTTP/1.1" 500 88354
"GET /profile/ HTTP/1.1" 200 54684
"GET /profile/ HTTP/1.1" 200 54684
"POST /cancel-order/ORD-2039F1DA/ HTTP/1.1" 302 0
"POST /cancel-order/ORD-2039F1DA/ HTTP/1.1" 302 0
"GET /orders/ HTTP/1.1" 200 61042
"GET /orders/ HTTP/1.1" 200 61042
"POST /cancel-order/ORD-1DD40F55/ HTTP/1.1" 302 0
"POST /cancel-order/ORD-1DD40F55/ HTTP/1.1" 302 0
"GET /orders/ HTTP/1.1" 200 60781
"GET /orders/ HTTP/1.1" 200 60781
"GET /profile/ HTTP/1.1" 200 53280
"GET /profile/ HTTP/1.1" 200 53280
"POST /cancel-order/ORD-0B0ABF1D/ HTTP/1.1" 302 0
"POST /cancel-order/ORD-0B0ABF1D/ HTTP/1.1" 302 0
"GET /orders/ HTTP/1.1" 200 60520
"GET /orders/ HTTP/1.1" 200 60520
"GET /profile/ HTTP/1.1" 200 52787
"GET /profile/ HTTP/1.1" 200 52787
Internal Server Error: /orders/ORD-27558542/
Traceback (most recent call last):
  File "/Users/yukta/Desktop/Project/venv/lib/python3.13/site-packages/django/core/handlers/exception.py", line 55, in inner
    response = get_response(request)
  File "/Users/yukta/Desktop/Project/venv/lib/python3.13/site-packages/django/core/handlers/base.py", line 197, in _get_response
    response = wrapped_callback(request, *callback_args, **callback_kwargs)
  File "/Users/yukta/Desktop/Project/venv/lib/python3.13/site-packages/django/contrib/auth/decorators.py", line 23, in _wrapper_view
    return view_func(request, *args, **kwargs)
  File "/Users/yukta/Desktop/Project/ecommerceapp/views.py", line 330, in order_detail
    return render(request, 'order_detail.html', context)
  File "/Users/yukta/Desktop/Project/venv/lib/python3.13/site-packages/django/shortcuts.py", line 24, in render
    content = loader.render_to_string(template_name, context, request, using=using)
  File "/Users/yukta/Desktop/Project/venv/lib/python3.13/site-packages/django/template/loader.py", line 61, in render_to_string
    template = get_template(template_name, using=using)
  File "/Users/yukta/Desktop/Project/venv/lib/python3.13/site-packages/django/template/loader.py", line 19, in get_template
    raise TemplateDoesNotExist(template_name, chain=chain)
django.template.exceptions.TemplateDoesNotExist: order_detail.html
Internal Server Error: /orders/ORD-27558542/
Traceback (most recent call last):
  File "/Users/yukta/Desktop/Project/venv/lib/python3.13/site-packages/django/core/handlers/exception.py", line 55, in inner
    response = get_response(request)
  File "/Users/yukta/Desktop/Project/venv/lib/python3.13/site-packages/django/core/handlers/base.py", line 197, in _get_response
    response = wrapped_callback(request, *callback_args, **callback_kwargs)
  File "/Users/yukta/Desktop/Project/venv/lib/python3.13/site-packages/django/contrib/auth/decorators.py", line 23, in _wrapper_view
    return view_func(request, *args, **kwargs)
  File "/Users/yukta/Desktop/Project/ecommerceapp/views.py", line 330, in order_detail
    return render(request, 'order_detail.html', context)
  File "/Users/yukta/Desktop/Project/venv/lib/python3.13/site-packages/django/shortcuts.py", line 24, in render
    content = loader.render_to_string(template_name, context, request, using=using)
  File "/Users/yukta/Desktop/Project/venv/lib/python3.13/site-packages/django/template/loader.py", line 61, in render_to_string
    template = get_template(template_name, using=using)
  File "/Users/yukta/Desktop/Project/venv/lib/python3.13/site-packages/django/template/loader.py", line 19, in get_template
    raise TemplateDoesNotExist(template_name, chain=chain)
django.template.exceptions.TemplateDoesNotExist: order_detail.html
"GET /orders/ORD-27558542/ HTTP/1.1" 500 89677
"GET /orders/ORD-27558542/ HTTP/1.1" 500 89677
"GET /orders/ HTTP/1.1" 200 60121
"GET /orders/ HTTP/1.1" 200 60121
Internal Server Error: /orders/ORD-27558542/
Traceback (most recent call last):
  File "/Users/yukta/Desktop/Project/venv/lib/python3.13/site-packages/django/core/handlers/exception.py", line 55, in inner
    response = get_response(request)
  File "/Users/yukta/Desktop/Project/venv/lib/python3.13/site-packages/django/core/handlers/base.py", line 197, in _get_response
    response = wrapped_callback(request, *callback_args, **callback_kwargs)
  File "/Users/yukta/Desktop/Project/venv/lib/python3.13/site-packages/django/contrib/auth/decorators.py", line 23, in _wrapper_view
    return view_func(request, *args, **kwargs)
  File "/Users/yukta/Desktop/Project/ecommerceapp/views.py", line 330, in order_detail
    return render(request, 'order_detail.html', context)
  File "/Users/yukta/Desktop/Project/venv/lib/python3.13/site-packages/django/shortcuts.py", line 24, in render
    content = loader.render_to_string(template_name, context, request, using=using)
  File "/Users/yukta/Desktop/Project/venv/lib/python3.13/site-packages/django/template/loader.py", line 61, in render_to_string
    template = get_template(template_name, using=using)
  File "/Users/yukta/Desktop/Project/venv/lib/python3.13/site-packages/django/template/loader.py", line 19, in get_template
    raise TemplateDoesNotExist(template_name, chain=chain)
django.template.exceptions.TemplateDoesNotExist: order_detail.html
Internal Server Error: /orders/ORD-27558542/
Traceback (most recent call last):
  File "/Users/yukta/Desktop/Project/venv/lib/python3.13/site-packages/django/core/handlers/exception.py", line 55, in inner
    response = get_response(request)
  File "/Users/yukta/Desktop/Project/venv/lib/python3.13/site-packages/django/core/handlers/base.py", line 197, in _get_response
    response = wrapped_callback(request, *callback_args, **callback_kwargs)
  File "/Users/yukta/Desktop/Project/venv/lib/python3.13/site-packages/django/contrib/auth/decorators.py", line 23, in _wrapper_view
    return view_func(request, *args, **kwargs)
  File "/Users/yukta/Desktop/Project/ecommerceapp/views.py", line 330, in order_detail
    return render(request, 'order_detail.html', context)
  File "/Users/yukta/Desktop/Project/venv/lib/python3.13/site-packages/django/shortcuts.py", line 24, in render
    content = loader.render_to_string(template_name, context, request, using=using)
  File "/Users/yukta/Desktop/Project/venv/lib/python3.13/site-packages/django/template/loader.py", line 61, in render_to_string
    template = get_template(template_name, using=using)
  File "/Users/yukta/Desktop/Project/venv/lib/python3.13/site-packages/django/template/loader.py", line 19, in get_template
    raise TemplateDoesNotExist(template_name, chain=chain)
django.template.exceptions.TemplateDoesNotExist: order_detail.html
"GET /orders/ORD-27558542/ HTTP/1.1" 500 89676
"GET /orders/ORD-27558542/ HTTP/1.1" 500 89676
"GET /orders/ HTTP/1.1" 200 60121
"GET /orders/ HTTP/1.1" 200 60121
Internal Server Error: /orders/ORD-3F58C54B/
Traceback (most recent call last):
  File "/Users/yukta/Desktop/Project/venv/lib/python3.13/site-packages/django/core/handlers/exception.py", line 55, in inner
    response = get_response(request)
  File "/Users/yukta/Desktop/Project/venv/lib/python3.13/site-packages/django/core/handlers/base.py", line 197, in _get_response
    response = wrapped_callback(request, *callback_args, **callback_kwargs)
  File "/Users/yukta/Desktop/Project/venv/lib/python3.13/site-packages/django/contrib/auth/decorators.py", line 23, in _wrapper_view
    return view_func(request, *args, **kwargs)
  File "/Users/yukta/Desktop/Project/ecommerceapp/views.py", line 330, in order_detail
    return render(request, 'order_detail.html', context)
  File "/Users/yukta/Desktop/Project/venv/lib/python3.13/site-packages/django/shortcuts.py", line 24, in render
    content = loader.render_to_string(template_name, context, request, using=using)
  File "/Users/yukta/Desktop/Project/venv/lib/python3.13/site-packages/django/template/loader.py", line 61, in render_to_string
    template = get_template(template_name, using=using)
  File "/Users/yukta/Desktop/Project/venv/lib/python3.13/site-packages/django/template/loader.py", line 19, in get_template
    raise TemplateDoesNotExist(template_name, chain=chain)
django.template.exceptions.TemplateDoesNotExist: order_detail.html
Internal Server Error: /orders/ORD-3F58C54B/
Traceback (most recent call last):
  File "/Users/yukta/Desktop/Project/venv/lib/python3.13/site-packages/django/core/handlers/exception.py", line 55, in inner
    response = get_response(request)
  File "/Users/yukta/Desktop/Project/venv/lib/python3.13/site-packages/django/core/handlers/base.py", line 197, in _get_response
    response = wrapped_callback(request, *callback_args, **callback_kwargs)
  File "/Users/yukta/Desktop/Project/venv/lib/python3.13/site-packages/django/contrib/auth/decorators.py", line 23, in _wrapper_view
    return view_func(request, *args, **kwargs)
  File "/Users/yukta/Desktop/Project/ecommerceapp/views.py", line 330, in order_detail
    return render(request, 'order_detail.html', context)
  File "/Users/yukta/Desktop/Project/venv/lib/python3.13/site-packages/django/shortcuts.py", line 24, in render
    content = loader.render_to_string(template_name, context, request, using=using)
  File "/Users/yukta/Desktop/Project/venv/lib/python3.13/site-packages/django/template/loader.py", line 61, in render_to_string
    template = get_template(template_name, using=using)
  File "/Users/yukta/Desktop/Project/venv/lib/python3.13/site-packages/django/template/loader.py", line 19, in get_template
    raise TemplateDoesNotExist(template_name, chain=chain)
django.template.exceptions.TemplateDoesNotExist: order_detail.html
"GET /orders/ORD-3F58C54B/ HTTP/1.1" 500 87914
"GET /orders/ORD-3F58C54B/ HTTP/1.1" 500 87914
"GET /profile/ HTTP/1.1" 200 63667
"GET /profile/ HTTP/1.1" 200 63667
Internal Server Error: /orders/ORD-27558542/
Traceback (most recent call last):
  File "/Users/yukta/Desktop/Project/venv/lib/python3.13/site-packages/django/core/handlers/exception.py", line 55, in inner
    response = get_response(request)
  File "/Users/yukta/Desktop/Project/venv/lib/python3.13/site-packages/django/core/handlers/base.py", line 197, in _get_response
    response = wrapped_callback(request, *callback_args, **callback_kwargs)
  File "/Users/yukta/Desktop/Project/venv/lib/python3.13/site-packages/django/contrib/auth/decorators.py", line 23, in _wrapper_view
    return view_func(request, *args, **kwargs)
  File "/Users/yukta/Desktop/Project/ecommerceapp/views.py", line 330, in order_detail
    return render(request, 'order_detail.html', context)
  File "/Users/yukta/Desktop/Project/venv/lib/python3.13/site-packages/django/shortcuts.py", line 24, in render
    content = loader.render_to_string(template_name, context, request, using=using)
  File "/Users/yukta/Desktop/Project/venv/lib/python3.13/site-packages/django/template/loader.py", line 61, in render_to_string
    template = get_template(template_name, using=using)
  File "/Users/yukta/Desktop/Project/venv/lib/python3.13/site-packages/django/template/loader.py", line 19, in get_template
    raise TemplateDoesNotExist(template_name, chain=chain)
django.template.exceptions.TemplateDoesNotExist: order_detail.html
Internal Server Error: /orders/ORD-27558542/
Traceback (most recent call last):
  File "/Users/yukta/Desktop/Project/venv/lib/python3.13/site-packages/django/core/handlers/exception.py", line 55, in inner
    response = get_response(request)
  File "/Users/yukta/Desktop/Project/venv/lib/python3.13/site-packages/django/core/handlers/base.py", line 197, in _get_response
    response = wrapped_callback(request, *callback_args, **callback_kwargs)
  File "/Users/yukta/Desktop/Project/venv/lib/python3.13/site-packages/django/contrib/auth/decorators.py", line 23, in _wrapper_view
    return view_func(request, *args, **kwargs)
  File "/Users/yukta/Desktop/Project/ecommerceapp/views.py", line 330, in order_detail
    return render(request, 'order_detail.html', context)
  File "/Users/yukta/Desktop/Project/venv/lib/python3.13/site-packages/django/shortcuts.py", line 24, in render
    content = loader.render_to_string(template_name, context, request, using=using)
  File "/Users/yukta/Desktop/Project/venv/lib/python3.13/site-packages/django/template/loader.py", line 61, in render_to_string
    template = get_template(template_name, using=using)
  File "/Users/yukta/Desktop/Project/venv/lib/python3.13/site-packages/django/template/loader.py", line 19, in get_template
    raise TemplateDoesNotExist(template_name, chain=chain)
django.template.exceptions.TemplateDoesNotExist: order_detail.html
"GET /orders/ORD-27558542/ HTTP/1.1" 500 89677
"GET /orders/ORD-27558542/ HTTP/1.1" 500 89677
"GET /checkout/ HTTP/1.1" 200 24294
"GET /checkout/ HTTP/1.1" 200 24294
"GET / HTTP/1.1" 200 130696
"GET / HTTP/1.1" 200 130696
"GET /checkout/ HTTP/1.1" 200 24294
"GET /checkout/ HTTP/1.1" 200 24294
"POST /checkout/ HTTP/1.1" 200 25487
"POST /checkout/ HTTP/1.1" 200 25487
"GET /khalti/payment/?order_id=ORD-2688C0C0 HTTP/1.1" 200 29208
"GET /khalti/payment/?order_id=ORD-2688C0C0 HTTP/1.1" 200 29208
"GET /khalti/payment/?order_id=ORD-2688C0C0 HTTP/1.1" 200 29208
"GET /khalti/payment/?order_id=ORD-2688C0C0 HTTP/1.1" 200 29208
Internal Server Error: /khalti/payment/
Traceback (most recent call last):
  File "/Users/yukta/Desktop/Project/venv/lib/python3.13/site-packages/django/core/handlers/exception.py", line 55, in inner
    response = get_response(request)
  File "/Users/yukta/Desktop/Project/venv/lib/python3.13/site-packages/django/core/handlers/base.py", line 197, in _get_response
    response = wrapped_callback(request, *callback_args, **callback_kwargs)
  File "/Users/yukta/Desktop/Project/venv/lib/python3.13/site-packages/django/contrib/auth/decorators.py", line 23, in _wrapper_view
    return view_func(request, *args, **kwargs)
  File "/Users/yukta/Desktop/Project/ecommerceapp/views.py", line 412, in khalti_payment
    return render(request, 'khalti_payment.html', context)
  File "/Users/yukta/Desktop/Project/venv/lib/python3.13/site-packages/django/shortcuts.py", line 24, in render
    content = loader.render_to_string(template_name, context, request, using=using)
  File "/Users/yukta/Desktop/Project/venv/lib/python3.13/site-packages/django/template/loader.py", line 62, in render_to_string
    return template.render(context, request)
           ~~~~~~~~~~~~~~~^^^^^^^^^^^^^^^^^^
  File "/Users/yukta/Desktop/Project/venv/lib/python3.13/site-packages/django/template/backends/django.py", line 61, in render
    return self.template.render(context)
           ~~~~~~~~~~~~~~~~~~~~^^^^^^^^^
  File "/Users/yukta/Desktop/Project/venv/lib/python3.13/site-packages/django/template/base.py", line 175, in render
    return self._render(context)
           ~~~~~~~~~~~~^^^^^^^^^
  File "/Users/yukta/Desktop/Project/venv/lib/python3.13/site-packages/django/template/base.py", line 167, in _render
    return self.nodelist.render(context)
           ~~~~~~~~~~~~~~~~~~~~^^^^^^^^^
  File "/Users/yukta/Desktop/Project/venv/lib/python3.13/site-packages/django/template/base.py", line 1005, in render
    return SafeString("".join([node.render_annotated(context) for node in self]))
                               ~~~~~~~~~~~~~~~~~~~~~^^^^^^^^^
  File "/Users/yukta/Desktop/Project/venv/lib/python3.13/site-packages/django/template/base.py", line 966, in render_annotated
    return self.render(context)
           ~~~~~~~~~~~^^^^^^^^^
  File "/Users/yukta/Desktop/Project/venv/lib/python3.13/site-packages/django/template/loader_tags.py", line 157, in render
    return compiled_parent._render(context)
           ~~~~~~~~~~~~~~~~~~~~~~~^^^^^^^^^
  File "/Users/yukta/Desktop/Project/venv/lib/python3.13/site-packages/django/template/base.py", line 167, in _render
    return self.nodelist.render(context)
           ~~~~~~~~~~~~~~~~~~~~^^^^^^^^^
  File "/Users/yukta/Desktop/Project/venv/lib/python3.13/site-packages/django/template/base.py", line 1005, in render
    return SafeString("".join([node.render_annotated(context) for node in self]))
                               ~~~~~~~~~~~~~~~~~~~~~^^^^^^^^^
  File "/Users/yukta/Desktop/Project/venv/lib/python3.13/site-packages/django/template/base.py", line 966, in render_annotated
    return self.render(context)
           ~~~~~~~~~~~^^^^^^^^^
  File "/Users/yukta/Desktop/Project/venv/lib/python3.13/site-packages/django/template/loader_tags.py", line 63, in render
    result = block.nodelist.render(context)
  File "/Users/yukta/Desktop/Project/venv/lib/python3.13/site-packages/django/template/base.py", line 1005, in render
    return SafeString("".join([node.render_annotated(context) for node in self]))
                               ~~~~~~~~~~~~~~~~~~~~~^^^^^^^^^
  File "/Users/yukta/Desktop/Project/venv/lib/python3.13/site-packages/django/template/base.py", line 966, in render_annotated
    return self.render(context)
           ~~~~~~~~~~~^^^^^^^^^
  File "/Users/yukta/Desktop/Project/venv/lib/python3.13/site-packages/django/template/defaulttags.py", line 471, in render
    url = reverse(view_name, args=args, kwargs=kwargs, current_app=current_app)
  File "/Users/yukta/Desktop/Project/venv/lib/python3.13/site-packages/django/urls/base.py", line 88, in reverse
    return resolver._reverse_with_prefix(view, prefix, *args, **kwargs)
           ~~~~~~~~~~~~~~~~~~~~~~~~~~~~~^^^^^^^^^^^^^^^^^^^^^^^^^^^^^^^
  File "/Users/yukta/Desktop/Project/venv/lib/python3.13/site-packages/django/urls/resolvers.py", line 828, in _reverse_with_prefix
    raise NoReverseMatch(msg)
django.urls.exceptions.NoReverseMatch: Reverse for 'verify_khalti_payment' not found. 'verify_khalti_payment' is not a valid view function or pattern name.
Internal Server Error: /khalti/payment/
Traceback (most recent call last):
  File "/Users/yukta/Desktop/Project/venv/lib/python3.13/site-packages/django/core/handlers/exception.py", line 55, in inner
    response = get_response(request)
  File "/Users/yukta/Desktop/Project/venv/lib/python3.13/site-packages/django/core/handlers/base.py", line 197, in _get_response
    response = wrapped_callback(request, *callback_args, **callback_kwargs)
  File "/Users/yukta/Desktop/Project/venv/lib/python3.13/site-packages/django/contrib/auth/decorators.py", line 23, in _wrapper_view
    return view_func(request, *args, **kwargs)
  File "/Users/yukta/Desktop/Project/ecommerceapp/views.py", line 412, in khalti_payment
    return render(request, 'khalti_payment.html', context)
  File "/Users/yukta/Desktop/Project/venv/lib/python3.13/site-packages/django/shortcuts.py", line 24, in render
    content = loader.render_to_string(template_name, context, request, using=using)
  File "/Users/yukta/Desktop/Project/venv/lib/python3.13/site-packages/django/template/loader.py", line 62, in render_to_string
    return template.render(context, request)
           ~~~~~~~~~~~~~~~^^^^^^^^^^^^^^^^^^
  File "/Users/yukta/Desktop/Project/venv/lib/python3.13/site-packages/django/template/backends/django.py", line 61, in render
    return self.template.render(context)
           ~~~~~~~~~~~~~~~~~~~~^^^^^^^^^
  File "/Users/yukta/Desktop/Project/venv/lib/python3.13/site-packages/django/template/base.py", line 175, in render
    return self._render(context)
           ~~~~~~~~~~~~^^^^^^^^^
  File "/Users/yukta/Desktop/Project/venv/lib/python3.13/site-packages/django/template/base.py", line 167, in _render
    return self.nodelist.render(context)
           ~~~~~~~~~~~~~~~~~~~~^^^^^^^^^
  File "/Users/yukta/Desktop/Project/venv/lib/python3.13/site-packages/django/template/base.py", line 1005, in render
    return SafeString("".join([node.render_annotated(context) for node in self]))
                               ~~~~~~~~~~~~~~~~~~~~~^^^^^^^^^
  File "/Users/yukta/Desktop/Project/venv/lib/python3.13/site-packages/django/template/base.py", line 966, in render_annotated
    return self.render(context)
           ~~~~~~~~~~~^^^^^^^^^
  File "/Users/yukta/Desktop/Project/venv/lib/python3.13/site-packages/django/template/loader_tags.py", line 157, in render
    return compiled_parent._render(context)
           ~~~~~~~~~~~~~~~~~~~~~~~^^^^^^^^^
  File "/Users/yukta/Desktop/Project/venv/lib/python3.13/site-packages/django/template/base.py", line 167, in _render
    return self.nodelist.render(context)
           ~~~~~~~~~~~~~~~~~~~~^^^^^^^^^
  File "/Users/yukta/Desktop/Project/venv/lib/python3.13/site-packages/django/template/base.py", line 1005, in render
    return SafeString("".join([node.render_annotated(context) for node in self]))
                               ~~~~~~~~~~~~~~~~~~~~~^^^^^^^^^
  File "/Users/yukta/Desktop/Project/venv/lib/python3.13/site-packages/django/template/base.py", line 966, in render_annotated
    return self.render(context)
           ~~~~~~~~~~~^^^^^^^^^
  File "/Users/yukta/Desktop/Project/venv/lib/python3.13/site-packages/django/template/loader_tags.py", line 63, in render
    result = block.nodelist.render(context)
  File "/Users/yukta/Desktop/Project/venv/lib/python3.13/site-packages/django/template/base.py", line 1005, in render
    return SafeString("".join([node.render_annotated(context) for node in self]))
                               ~~~~~~~~~~~~~~~~~~~~~^^^^^^^^^
  File "/Users/yukta/Desktop/Project/venv/lib/python3.13/site-packages/django/template/base.py", line 966, in render_annotated
    return self.render(context)
           ~~~~~~~~~~~^^^^^^^^^
  File "/Users/yukta/Desktop/Project/venv/lib/python3.13/site-packages/django/template/defaulttags.py", line 471, in render
    url = reverse(view_name, args=args, kwargs=kwargs, current_app=current_app)
  File "/Users/yukta/Desktop/Project/venv/lib/python3.13/site-packages/django/urls/base.py", line 88, in reverse
    return resolver._reverse_with_prefix(view, prefix, *args, **kwargs)
           ~~~~~~~~~~~~~~~~~~~~~~~~~~~~~^^^^^^^^^^^^^^^^^^^^^^^^^^^^^^^
  File "/Users/yukta/Desktop/Project/venv/lib/python3.13/site-packages/django/urls/resolvers.py", line 828, in _reverse_with_prefix
    raise NoReverseMatch(msg)
django.urls.exceptions.NoReverseMatch: Reverse for 'verify_khalti_payment' not found. 'verify_khalti_payment' is not a valid view function or pattern name.
"GET /khalti/payment/?order_id=ORD-2688C0C0 HTTP/1.1" 500 163567
"GET /khalti/payment/?order_id=ORD-2688C0C0 HTTP/1.1" 500 163567
Internal Server Error: /khalti/payment/
Traceback (most recent call last):
  File "/Users/yukta/Desktop/Project/venv/lib/python3.13/site-packages/django/core/handlers/exception.py", line 55, in inner
    response = get_response(request)
  File "/Users/yukta/Desktop/Project/venv/lib/python3.13/site-packages/django/core/handlers/base.py", line 197, in _get_response
    response = wrapped_callback(request, *callback_args, **callback_kwargs)
  File "/Users/yukta/Desktop/Project/venv/lib/python3.13/site-packages/django/contrib/auth/decorators.py", line 23, in _wrapper_view
    return view_func(request, *args, **kwargs)
  File "/Users/yukta/Desktop/Project/ecommerceapp/views.py", line 412, in khalti_payment
    return render(request, 'khalti_payment.html', context)
  File "/Users/yukta/Desktop/Project/venv/lib/python3.13/site-packages/django/shortcuts.py", line 24, in render
    content = loader.render_to_string(template_name, context, request, using=using)
  File "/Users/yukta/Desktop/Project/venv/lib/python3.13/site-packages/django/template/loader.py", line 62, in render_to_string
    return template.render(context, request)
           ~~~~~~~~~~~~~~~^^^^^^^^^^^^^^^^^^
  File "/Users/yukta/Desktop/Project/venv/lib/python3.13/site-packages/django/template/backends/django.py", line 61, in render
    return self.template.render(context)
           ~~~~~~~~~~~~~~~~~~~~^^^^^^^^^
  File "/Users/yukta/Desktop/Project/venv/lib/python3.13/site-packages/django/template/base.py", line 175, in render
    return self._render(context)
           ~~~~~~~~~~~~^^^^^^^^^
  File "/Users/yukta/Desktop/Project/venv/lib/python3.13/site-packages/django/template/base.py", line 167, in _render
    return self.nodelist.render(context)
           ~~~~~~~~~~~~~~~~~~~~^^^^^^^^^
  File "/Users/yukta/Desktop/Project/venv/lib/python3.13/site-packages/django/template/base.py", line 1005, in render
    return SafeString("".join([node.render_annotated(context) for node in self]))
                               ~~~~~~~~~~~~~~~~~~~~~^^^^^^^^^
  File "/Users/yukta/Desktop/Project/venv/lib/python3.13/site-packages/django/template/base.py", line 966, in render_annotated
    return self.render(context)
           ~~~~~~~~~~~^^^^^^^^^
  File "/Users/yukta/Desktop/Project/venv/lib/python3.13/site-packages/django/template/loader_tags.py", line 157, in render
    return compiled_parent._render(context)
           ~~~~~~~~~~~~~~~~~~~~~~~^^^^^^^^^
  File "/Users/yukta/Desktop/Project/venv/lib/python3.13/site-packages/django/template/base.py", line 167, in _render
    return self.nodelist.render(context)
           ~~~~~~~~~~~~~~~~~~~~^^^^^^^^^
  File "/Users/yukta/Desktop/Project/venv/lib/python3.13/site-packages/django/template/base.py", line 1005, in render
    return SafeString("".join([node.render_annotated(context) for node in self]))
                               ~~~~~~~~~~~~~~~~~~~~~^^^^^^^^^
  File "/Users/yukta/Desktop/Project/venv/lib/python3.13/site-packages/django/template/base.py", line 966, in render_annotated
    return self.render(context)
           ~~~~~~~~~~~^^^^^^^^^
  File "/Users/yukta/Desktop/Project/venv/lib/python3.13/site-packages/django/template/loader_tags.py", line 63, in render
    result = block.nodelist.render(context)
  File "/Users/yukta/Desktop/Project/venv/lib/python3.13/site-packages/django/template/base.py", line 1005, in render
    return SafeString("".join([node.render_annotated(context) for node in self]))
                               ~~~~~~~~~~~~~~~~~~~~~^^^^^^^^^
  File "/Users/yukta/Desktop/Project/venv/lib/python3.13/site-packages/django/template/base.py", line 966, in render_annotated
    return self.render(context)
           ~~~~~~~~~~~^^^^^^^^^
  File "/Users/yukta/Desktop/Project/venv/lib/python3.13/site-packages/django/template/defaulttags.py", line 471, in render
    url = reverse(view_name, args=args, kwargs=kwargs, current_app=current_app)
  File "/Users/yukta/Desktop/Project/venv/lib/python3.13/site-packages/django/urls/base.py", line 88, in reverse
    return resolver._reverse_with_prefix(view, prefix, *args, **kwargs)
           ~~~~~~~~~~~~~~~~~~~~~~~~~~~~~^^^^^^^^^^^^^^^^^^^^^^^^^^^^^^^
  File "/Users/yukta/Desktop/Project/venv/lib/python3.13/site-packages/django/urls/resolvers.py", line 828, in _reverse_with_prefix
    raise NoReverseMatch(msg)
django.urls.exceptions.NoReverseMatch: Reverse for 'verify_khalti_payment' not found. 'verify_khalti_payment' is not a valid view function or pattern name.
Internal Server Error: /khalti/payment/
Traceback (most recent call last):
  File "/Users/yukta/Desktop/Project/venv/lib/python3.13/site-packages/django/core/handlers/exception.py", line 55, in inner
    response = get_response(request)
  File "/Users/yukta/Desktop/Project/venv/lib/python3.13/site-packages/django/core/handlers/base.py", line 197, in _get_response
    response = wrapped_callback(request, *callback_args, **callback_kwargs)
  File "/Users/yukta/Desktop/Project/venv/lib/python3.13/site-packages/django/contrib/auth/decorators.py", line 23, in _wrapper_view
    return view_func(request, *args, **kwargs)
  File "/Users/yukta/Desktop/Project/ecommerceapp/views.py", line 412, in khalti_payment
    return render(request, 'khalti_payment.html', context)
  File "/Users/yukta/Desktop/Project/venv/lib/python3.13/site-packages/django/shortcuts.py", line 24, in render
    content = loader.render_to_string(template_name, context, request, using=using)
  File "/Users/yukta/Desktop/Project/venv/lib/python3.13/site-packages/django/template/loader.py", line 62, in render_to_string
    return template.render(context, request)
           ~~~~~~~~~~~~~~~^^^^^^^^^^^^^^^^^^
  File "/Users/yukta/Desktop/Project/venv/lib/python3.13/site-packages/django/template/backends/django.py", line 61, in render
    return self.template.render(context)
           ~~~~~~~~~~~~~~~~~~~~^^^^^^^^^
  File "/Users/yukta/Desktop/Project/venv/lib/python3.13/site-packages/django/template/base.py", line 175, in render
    return self._render(context)
           ~~~~~~~~~~~~^^^^^^^^^
  File "/Users/yukta/Desktop/Project/venv/lib/python3.13/site-packages/django/template/base.py", line 167, in _render
    return self.nodelist.render(context)
           ~~~~~~~~~~~~~~~~~~~~^^^^^^^^^
  File "/Users/yukta/Desktop/Project/venv/lib/python3.13/site-packages/django/template/base.py", line 1005, in render
    return SafeString("".join([node.render_annotated(context) for node in self]))
                               ~~~~~~~~~~~~~~~~~~~~~^^^^^^^^^
  File "/Users/yukta/Desktop/Project/venv/lib/python3.13/site-packages/django/template/base.py", line 966, in render_annotated
    return self.render(context)
           ~~~~~~~~~~~^^^^^^^^^
  File "/Users/yukta/Desktop/Project/venv/lib/python3.13/site-packages/django/template/loader_tags.py", line 157, in render
    return compiled_parent._render(context)
           ~~~~~~~~~~~~~~~~~~~~~~~^^^^^^^^^
  File "/Users/yukta/Desktop/Project/venv/lib/python3.13/site-packages/django/template/base.py", line 167, in _render
    return self.nodelist.render(context)
           ~~~~~~~~~~~~~~~~~~~~^^^^^^^^^
  File "/Users/yukta/Desktop/Project/venv/lib/python3.13/site-packages/django/template/base.py", line 1005, in render
    return SafeString("".join([node.render_annotated(context) for node in self]))
                               ~~~~~~~~~~~~~~~~~~~~~^^^^^^^^^
  File "/Users/yukta/Desktop/Project/venv/lib/python3.13/site-packages/django/template/base.py", line 966, in render_annotated
    return self.render(context)
           ~~~~~~~~~~~^^^^^^^^^
  File "/Users/yukta/Desktop/Project/venv/lib/python3.13/site-packages/django/template/loader_tags.py", line 63, in render
    result = block.nodelist.render(context)
  File "/Users/yukta/Desktop/Project/venv/lib/python3.13/site-packages/django/template/base.py", line 1005, in render
    return SafeString("".join([node.render_annotated(context) for node in self]))
                               ~~~~~~~~~~~~~~~~~~~~~^^^^^^^^^
  File "/Users/yukta/Desktop/Project/venv/lib/python3.13/site-packages/django/template/base.py", line 966, in render_annotated
    return self.render(context)
           ~~~~~~~~~~~^^^^^^^^^
  File "/Users/yukta/Desktop/Project/venv/lib/python3.13/site-packages/django/template/defaulttags.py", line 471, in render
    url = reverse(view_name, args=args, kwargs=kwargs, current_app=current_app)
  File "/Users/yukta/Desktop/Project/venv/lib/python3.13/site-packages/django/urls/base.py", line 88, in reverse
    return resolver._reverse_with_prefix(view, prefix, *args, **kwargs)
           ~~~~~~~~~~~~~~~~~~~~~~~~~~~~~^^^^^^^^^^^^^^^^^^^^^^^^^^^^^^^
  File "/Users/yukta/Desktop/Project/venv/lib/python3.13/site-packages/django/urls/resolvers.py", line 828, in _reverse_with_prefix
    raise NoReverseMatch(msg)
django.urls.exceptions.NoReverseMatch: Reverse for 'verify_khalti_payment' not found. 'verify_khalti_payment' is not a valid view function or pattern name.
"GET /khalti/payment/?order_id=ORD-2688C0C0 HTTP/1.1" 500 163430
"GET /khalti/payment/?order_id=ORD-2688C0C0 HTTP/1.1" 500 163430
"GET /khalti/payment/?order_id=ORD-2688C0C0 HTTP/1.1" 200 29208
"GET /khalti/payment/?order_id=ORD-2688C0C0 HTTP/1.1" 200 29208
"GET /profile/ HTTP/1.1" 200 63669
"GET /profile/ HTTP/1.1" 200 63669
"GET /about/ HTTP/1.1" 200 14365
"GET /about/ HTTP/1.1" 200 14365
"GET /blog/ HTTP/1.1" 200 16348
"GET /blog/ HTTP/1.1" 200 16348
"GET /blog/ HTTP/1.1" 200 16348
"GET /blog/ HTTP/1.1" 200 16348
"GET /checkout/ HTTP/1.1" 200 24294
"GET /checkout/ HTTP/1.1" 200 24294
"GET /profile/ HTTP/1.1" 200 63669
"GET /profile/ HTTP/1.1" 200 63669
"GET /checkout/ HTTP/1.1" 200 24294
"GET /checkout/ HTTP/1.1" 200 24294
"GET /profile/ HTTP/1.1" 200 63669
"GET /profile/ HTTP/1.1" 200 63669
Internal Server Error: /orders/ORD-0B0ABF1D/
Traceback (most recent call last):
  File "/Users/yukta/Desktop/Project/venv/lib/python3.13/site-packages/django/core/handlers/exception.py", line 55, in inner
    response = get_response(request)
  File "/Users/yukta/Desktop/Project/venv/lib/python3.13/site-packages/django/core/handlers/base.py", line 197, in _get_response
    response = wrapped_callback(request, *callback_args, **callback_kwargs)
  File "/Users/yukta/Desktop/Project/venv/lib/python3.13/site-packages/django/contrib/auth/decorators.py", line 23, in _wrapper_view
    return view_func(request, *args, **kwargs)
  File "/Users/yukta/Desktop/Project/ecommerceapp/views.py", line 330, in order_detail
    return render(request, 'order_detail.html', context)
  File "/Users/yukta/Desktop/Project/venv/lib/python3.13/site-packages/django/shortcuts.py", line 24, in render
    content = loader.render_to_string(template_name, context, request, using=using)
  File "/Users/yukta/Desktop/Project/venv/lib/python3.13/site-packages/django/template/loader.py", line 61, in render_to_string
    template = get_template(template_name, using=using)
  File "/Users/yukta/Desktop/Project/venv/lib/python3.13/site-packages/django/template/loader.py", line 19, in get_template
    raise TemplateDoesNotExist(template_name, chain=chain)
django.template.exceptions.TemplateDoesNotExist: order_detail.html
Internal Server Error: /orders/ORD-0B0ABF1D/
Traceback (most recent call last):
  File "/Users/yukta/Desktop/Project/venv/lib/python3.13/site-packages/django/core/handlers/exception.py", line 55, in inner
    response = get_response(request)
  File "/Users/yukta/Desktop/Project/venv/lib/python3.13/site-packages/django/core/handlers/base.py", line 197, in _get_response
    response = wrapped_callback(request, *callback_args, **callback_kwargs)
  File "/Users/yukta/Desktop/Project/venv/lib/python3.13/site-packages/django/contrib/auth/decorators.py", line 23, in _wrapper_view
    return view_func(request, *args, **kwargs)
  File "/Users/yukta/Desktop/Project/ecommerceapp/views.py", line 330, in order_detail
    return render(request, 'order_detail.html', context)
  File "/Users/yukta/Desktop/Project/venv/lib/python3.13/site-packages/django/shortcuts.py", line 24, in render
    content = loader.render_to_string(template_name, context, request, using=using)
  File "/Users/yukta/Desktop/Project/venv/lib/python3.13/site-packages/django/template/loader.py", line 61, in render_to_string
    template = get_template(template_name, using=using)
  File "/Users/yukta/Desktop/Project/venv/lib/python3.13/site-packages/django/template/loader.py", line 19, in get_template
    raise TemplateDoesNotExist(template_name, chain=chain)
django.template.exceptions.TemplateDoesNotExist: order_detail.html
"GET /orders/ORD-0B0ABF1D/ HTTP/1.1" 500 89965
"GET /orders/ORD-0B0ABF1D/ HTTP/1.1" 500 89965
"GET / HTTP/1.1" 200 130696
"GET / HTTP/1.1" 200 130696
"GET /profile/ HTTP/1.1" 200 64242
"GET /profile/ HTTP/1.1" 200 64242
Internal Server Error: /orders/ORD-0B0ABF1D/
Traceback (most recent call last):
  File "/Users/yukta/Desktop/Project/venv/lib/python3.13/site-packages/django/core/handlers/exception.py", line 55, in inner
    response = get_response(request)
  File "/Users/yukta/Desktop/Project/venv/lib/python3.13/site-packages/django/core/handlers/base.py", line 197, in _get_response
    response = wrapped_callback(request, *callback_args, **callback_kwargs)
  File "/Users/yukta/Desktop/Project/venv/lib/python3.13/site-packages/django/contrib/auth/decorators.py", line 23, in _wrapper_view
    return view_func(request, *args, **kwargs)
  File "/Users/yukta/Desktop/Project/ecommerceapp/views.py", line 330, in order_detail
    return render(request, 'order_detail.html', context)
  File "/Users/yukta/Desktop/Project/venv/lib/python3.13/site-packages/django/shortcuts.py", line 24, in render
    content = loader.render_to_string(template_name, context, request, using=using)
  File "/Users/yukta/Desktop/Project/venv/lib/python3.13/site-packages/django/template/loader.py", line 61, in render_to_string
    template = get_template(template_name, using=using)
  File "/Users/yukta/Desktop/Project/venv/lib/python3.13/site-packages/django/template/loader.py", line 19, in get_template
    raise TemplateDoesNotExist(template_name, chain=chain)
django.template.exceptions.TemplateDoesNotExist: order_detail.html
Internal Server Error: /orders/ORD-0B0ABF1D/
Traceback (most recent call last):
  File "/Users/yukta/Desktop/Project/venv/lib/python3.13/site-packages/django/core/handlers/exception.py", line 55, in inner
    response = get_response(request)
  File "/Users/yukta/Desktop/Project/venv/lib/python3.13/site-packages/django/core/handlers/base.py", line 197, in _get_response
    response = wrapped_callback(request, *callback_args, **callback_kwargs)
  File "/Users/yukta/Desktop/Project/venv/lib/python3.13/site-packages/django/contrib/auth/decorators.py", line 23, in _wrapper_view
    return view_func(request, *args, **kwargs)
  File "/Users/yukta/Desktop/Project/ecommerceapp/views.py", line 330, in order_detail
    return render(request, 'order_detail.html', context)
  File "/Users/yukta/Desktop/Project/venv/lib/python3.13/site-packages/django/shortcuts.py", line 24, in render
    content = loader.render_to_string(template_name, context, request, using=using)
  File "/Users/yukta/Desktop/Project/venv/lib/python3.13/site-packages/django/template/loader.py", line 61, in render_to_string
    template = get_template(template_name, using=using)
  File "/Users/yukta/Desktop/Project/venv/lib/python3.13/site-packages/django/template/loader.py", line 19, in get_template
    raise TemplateDoesNotExist(template_name, chain=chain)
django.template.exceptions.TemplateDoesNotExist: order_detail.html
"GET /orders/ORD-0B0ABF1D/ HTTP/1.1" 500 89965
"GET /orders/ORD-0B0ABF1D/ HTTP/1.1" 500 89965
/Users/yukta/Desktop/Project/ecommerceapp/views.py changed, reloading.
/Users/yukta/Desktop/Project/ecommerceapp/views.py changed, reloading.
Watching for file changes with StatReloader
Watching for file changes with StatReloader
"GET /orders/ORD-0B0ABF1D/ HTTP/1.1" 200 42738
"GET /orders/ORD-0B0ABF1D/ HTTP/1.1" 200 42738
"GET /orders/ORD-2688C0C0/ HTTP/1.1" 200 43159
"GET /orders/ORD-2688C0C0/ HTTP/1.1" 200 43159
Internal Server Error: /khalti/payment/
Traceback (most recent call last):
  File "/Users/yukta/Desktop/Project/venv/lib/python3.13/site-packages/django/core/handlers/exception.py", line 55, in inner
    response = get_response(request)
  File "/Users/yukta/Desktop/Project/venv/lib/python3.13/site-packages/django/core/handlers/base.py", line 197, in _get_response
    response = wrapped_callback(request, *callback_args, **callback_kwargs)
  File "/Users/yukta/Desktop/Project/venv/lib/python3.13/site-packages/django/contrib/auth/decorators.py", line 23, in _wrapper_view
    return view_func(request, *args, **kwargs)
  File "/Users/yukta/Desktop/Project/ecommerceapp/views.py", line 412, in khalti_payment
    return render(request, 'khalti_payment.html', context)
  File "/Users/yukta/Desktop/Project/venv/lib/python3.13/site-packages/django/shortcuts.py", line 24, in render
    content = loader.render_to_string(template_name, context, request, using=using)
  File "/Users/yukta/Desktop/Project/venv/lib/python3.13/site-packages/django/template/loader.py", line 61, in render_to_string
    template = get_template(template_name, using=using)
  File "/Users/yukta/Desktop/Project/venv/lib/python3.13/site-packages/django/template/loader.py", line 15, in get_template
    return engine.get_template(template_name)
           ~~~~~~~~~~~~~~~~~~~^^^^^^^^^^^^^^^
  File "/Users/yukta/Desktop/Project/venv/lib/python3.13/site-packages/django/template/backends/django.py", line 33, in get_template
    return Template(self.engine.get_template(template_name), self)
                    ~~~~~~~~~~~~~~~~~~~~~~~~^^^^^^^^^^^^^^^
  File "/Users/yukta/Desktop/Project/venv/lib/python3.13/site-packages/django/template/engine.py", line 175, in get_template
    template, origin = self.find_template(template_name)
                       ~~~~~~~~~~~~~~~~~~^^^^^^^^^^^^^^^
  File "/Users/yukta/Desktop/Project/venv/lib/python3.13/site-packages/django/template/engine.py", line 157, in find_template
    template = loader.get_template(name, skip=skip)
  File "/Users/yukta/Desktop/Project/venv/lib/python3.13/site-packages/django/template/loaders/cached.py", line 57, in get_template
    template = super().get_template(template_name, skip)
  File "/Users/yukta/Desktop/Project/venv/lib/python3.13/site-packages/django/template/loaders/base.py", line 28, in get_template
    return Template(
        contents,
    ...<2 lines>...
        self.engine,
    )
  File "/Users/yukta/Desktop/Project/venv/lib/python3.13/site-packages/django/template/base.py", line 154, in __init__
    self.nodelist = self.compile_nodelist()
                    ~~~~~~~~~~~~~~~~~~~~~^^
  File "/Users/yukta/Desktop/Project/venv/lib/python3.13/site-packages/django/template/base.py", line 200, in compile_nodelist
    return parser.parse()
           ~~~~~~~~~~~~^^
  File "/Users/yukta/Desktop/Project/venv/lib/python3.13/site-packages/django/template/base.py", line 513, in parse
    raise self.error(token, e)
  File "/Users/yukta/Desktop/Project/venv/lib/python3.13/site-packages/django/template/base.py", line 511, in parse
    compiled_result = compile_func(self, token)
  File "/Users/yukta/Desktop/Project/venv/lib/python3.13/site-packages/django/template/loader_tags.py", line 293, in do_extends
    nodelist = parser.parse()
  File "/Users/yukta/Desktop/Project/venv/lib/python3.13/site-packages/django/template/base.py", line 513, in parse
    raise self.error(token, e)
  File "/Users/yukta/Desktop/Project/venv/lib/python3.13/site-packages/django/template/base.py", line 511, in parse
    compiled_result = compile_func(self, token)
  File "/Users/yukta/Desktop/Project/venv/lib/python3.13/site-packages/django/template/loader_tags.py", line 232, in do_block
    nodelist = parser.parse(("endblock",))
  File "/Users/yukta/Desktop/Project/venv/lib/python3.13/site-packages/django/template/base.py", line 518, in parse
    self.unclosed_block_tag(parse_until)
    ~~~~~~~~~~~~~~~~~~~~~~~^^^^^^^^^^^^^
  File "/Users/yukta/Desktop/Project/venv/lib/python3.13/site-packages/django/template/base.py", line 581, in unclosed_block_tag
    raise self.error(token, msg)
django.template.exceptions.TemplateSyntaxError: Unclosed tag on line 583: 'block'. Looking for one of: endblock.
Internal Server Error: /khalti/payment/
Traceback (most recent call last):
  File "/Users/yukta/Desktop/Project/venv/lib/python3.13/site-packages/django/core/handlers/exception.py", line 55, in inner
    response = get_response(request)
  File "/Users/yukta/Desktop/Project/venv/lib/python3.13/site-packages/django/core/handlers/base.py", line 197, in _get_response
    response = wrapped_callback(request, *callback_args, **callback_kwargs)
  File "/Users/yukta/Desktop/Project/venv/lib/python3.13/site-packages/django/contrib/auth/decorators.py", line 23, in _wrapper_view
    return view_func(request, *args, **kwargs)
  File "/Users/yukta/Desktop/Project/ecommerceapp/views.py", line 412, in khalti_payment
    return render(request, 'khalti_payment.html', context)
  File "/Users/yukta/Desktop/Project/venv/lib/python3.13/site-packages/django/shortcuts.py", line 24, in render
    content = loader.render_to_string(template_name, context, request, using=using)
  File "/Users/yukta/Desktop/Project/venv/lib/python3.13/site-packages/django/template/loader.py", line 61, in render_to_string
    template = get_template(template_name, using=using)
  File "/Users/yukta/Desktop/Project/venv/lib/python3.13/site-packages/django/template/loader.py", line 15, in get_template
    return engine.get_template(template_name)
           ~~~~~~~~~~~~~~~~~~~^^^^^^^^^^^^^^^
  File "/Users/yukta/Desktop/Project/venv/lib/python3.13/site-packages/django/template/backends/django.py", line 33, in get_template
    return Template(self.engine.get_template(template_name), self)
                    ~~~~~~~~~~~~~~~~~~~~~~~~^^^^^^^^^^^^^^^
  File "/Users/yukta/Desktop/Project/venv/lib/python3.13/site-packages/django/template/engine.py", line 175, in get_template
    template, origin = self.find_template(template_name)
                       ~~~~~~~~~~~~~~~~~~^^^^^^^^^^^^^^^
  File "/Users/yukta/Desktop/Project/venv/lib/python3.13/site-packages/django/template/engine.py", line 157, in find_template
    template = loader.get_template(name, skip=skip)
  File "/Users/yukta/Desktop/Project/venv/lib/python3.13/site-packages/django/template/loaders/cached.py", line 57, in get_template
    template = super().get_template(template_name, skip)
  File "/Users/yukta/Desktop/Project/venv/lib/python3.13/site-packages/django/template/loaders/base.py", line 28, in get_template
    return Template(
        contents,
    ...<2 lines>...
        self.engine,
    )
  File "/Users/yukta/Desktop/Project/venv/lib/python3.13/site-packages/django/template/base.py", line 154, in __init__
    self.nodelist = self.compile_nodelist()
                    ~~~~~~~~~~~~~~~~~~~~~^^
  File "/Users/yukta/Desktop/Project/venv/lib/python3.13/site-packages/django/template/base.py", line 200, in compile_nodelist
    return parser.parse()
           ~~~~~~~~~~~~^^
  File "/Users/yukta/Desktop/Project/venv/lib/python3.13/site-packages/django/template/base.py", line 513, in parse
    raise self.error(token, e)
  File "/Users/yukta/Desktop/Project/venv/lib/python3.13/site-packages/django/template/base.py", line 511, in parse
    compiled_result = compile_func(self, token)
  File "/Users/yukta/Desktop/Project/venv/lib/python3.13/site-packages/django/template/loader_tags.py", line 293, in do_extends
    nodelist = parser.parse()
  File "/Users/yukta/Desktop/Project/venv/lib/python3.13/site-packages/django/template/base.py", line 513, in parse
    raise self.error(token, e)
  File "/Users/yukta/Desktop/Project/venv/lib/python3.13/site-packages/django/template/base.py", line 511, in parse
    compiled_result = compile_func(self, token)
  File "/Users/yukta/Desktop/Project/venv/lib/python3.13/site-packages/django/template/loader_tags.py", line 232, in do_block
    nodelist = parser.parse(("endblock",))
  File "/Users/yukta/Desktop/Project/venv/lib/python3.13/site-packages/django/template/base.py", line 518, in parse
    self.unclosed_block_tag(parse_until)
    ~~~~~~~~~~~~~~~~~~~~~~~^^^^^^^^^^^^^
  File "/Users/yukta/Desktop/Project/venv/lib/python3.13/site-packages/django/template/base.py", line 581, in unclosed_block_tag
    raise self.error(token, msg)
django.template.exceptions.TemplateSyntaxError: Unclosed tag on line 583: 'block'. Looking for one of: endblock.
"GET /khalti/payment/?order_id=ORD-2688C0C0 HTTP/1.1" 500 174726
"GET /khalti/payment/?order_id=ORD-2688C0C0 HTTP/1.1" 500 174726
"GET /khalti/payment/?order_id=ORD-2688C0C0 HTTP/1.1" 200 24635
"GET /khalti/payment/?order_id=ORD-2688C0C0 HTTP/1.1" 200 24635
"GET /checkout/ HTTP/1.1" 200 24294
"GET /checkout/ HTTP/1.1" 200 24294
"GET /checkout/ HTTP/1.1" 200 24299
"GET /checkout/ HTTP/1.1" 200 24299
"GET /team/ HTTP/1.1" 200 15085
"GET /team/ HTTP/1.1" 200 15085
"GET /about/ HTTP/1.1" 200 14365
"GET /about/ HTTP/1.1" 200 14365
"GET /blog/ HTTP/1.1" 200 16348
"GET /blog/ HTTP/1.1" 200 16348
"GET /checkout/ HTTP/1.1" 200 24299
"GET /checkout/ HTTP/1.1" 200 24299
"GET /profile/ HTTP/1.1" 200 64242
"GET /profile/ HTTP/1.1" 200 64242
"GET /contact/ HTTP/1.1" 200 12958
"GET /contact/ HTTP/1.1" 200 12958
"GET /checkout/ HTTP/1.1" 200 24299
"GET /checkout/ HTTP/1.1" 200 24299
"GET /profile/ HTTP/1.1" 200 64242
"GET /profile/ HTTP/1.1" 200 64242
"GET /orders/ORD-2688C0C0/ HTTP/1.1" 200 43159
"GET /orders/ORD-2688C0C0/ HTTP/1.1" 200 43159
"GET /khalti/payment/?order_id=ORD-2688C0C0 HTTP/1.1" 200 24640
"GET /khalti/payment/?order_id=ORD-2688C0C0 HTTP/1.1" 200 24640
"GET / HTTP/1.1" 200 130696
"GET / HTTP/1.1" 200 130696
"GET /checkout/ HTTP/1.1" 200 24299
"GET /checkout/ HTTP/1.1" 200 24299
"POST /checkout/ HTTP/1.1" 200 25495
"POST /checkout/ HTTP/1.1" 200 25495
"GET /khalti/payment/?order_id=ORD-CF05BD76 HTTP/1.1" 200 24636
"GET /khalti/payment/?order_id=ORD-CF05BD76 HTTP/1.1" 200 24636
"GET /orders/ HTTP/1.1" 200 66405
"GET /orders/ HTTP/1.1" 200 66405
"GET /orders/ORD-27558542/ HTTP/1.1" 200 43157
"GET /orders/ORD-27558542/ HTTP/1.1" 200 43157
"GET /orders/ORD-27558542/ HTTP/1.1" 200 43157
"GET /orders/ORD-27558542/ HTTP/1.1" 200 43157
"GET /orders/ HTTP/1.1" 200 66405
"GET /orders/ HTTP/1.1" 200 66405
"GET /orders/ORD-27558542/ HTTP/1.1" 200 43157
"GET /orders/ORD-27558542/ HTTP/1.1" 200 43157
"GET /orders/ORD-27558542/ HTTP/1.1" 200 43157
"GET /orders/ORD-27558542/ HTTP/1.1" 200 43157
"GET /orders/ HTTP/1.1" 200 66405
"GET /orders/ HTTP/1.1" 200 66405
"GET /orders/ORD-27558542/ HTTP/1.1" 200 43157
"GET /orders/ORD-27558542/ HTTP/1.1" 200 43157
"GET /orders/ORD-27558542/ HTTP/1.1" 200 43157
"GET /orders/ORD-27558542/ HTTP/1.1" 200 43157
"GET / HTTP/1.1" 200 130696
"GET / HTTP/1.1" 200 130696
"GET /checkout/ HTTP/1.1" 200 24299
"GET /checkout/ HTTP/1.1" 200 24299
"GET /checkout/ HTTP/1.1" 200 28018
"GET /checkout/ HTTP/1.1" 200 28018
"GET /checkout/ HTTP/1.1" 200 28020
"GET /checkout/ HTTP/1.1" 200 28020
"GET /contact/ HTTP/1.1" 200 12958
"GET /contact/ HTTP/1.1" 200 12958
"GET /contact/ HTTP/1.1" 200 29595
"GET /contact/ HTTP/1.1" 200 29595
"GET /checkout/ HTTP/1.1" 200 28020
"GET /checkout/ HTTP/1.1" 200 28020
"GET /blog/ HTTP/1.1" 200 16348
"GET /blog/ HTTP/1.1" 200 16348
"GET /team/ HTTP/1.1" 200 15085
"GET /team/ HTTP/1.1" 200 15085
"GET /about/ HTTP/1.1" 200 14365
"GET /about/ HTTP/1.1" 200 14365
"GET / HTTP/1.1" 200 130696
"GET / HTTP/1.1" 200 130696
"GET /about/ HTTP/1.1" 200 14365
"GET /about/ HTTP/1.1" 200 14365
"GET /about/ HTTP/1.1" 200 14365
"GET /about/ HTTP/1.1" 200 14365
"GET /team/ HTTP/1.1" 200 15085
"GET /team/ HTTP/1.1" 200 15085
"GET /team/ HTTP/1.1" 200 15085
"GET /team/ HTTP/1.1" 200 15085
"GET /blog/ HTTP/1.1" 200 16348
"GET /blog/ HTTP/1.1" 200 16348
"GET /contact/ HTTP/1.1" 200 29595
"GET /contact/ HTTP/1.1" 200 29595
"GET /contact/ HTTP/1.1" 200 29616
"GET /contact/ HTTP/1.1" 200 29616
"GET /contact/ HTTP/1.1" 200 29616
"GET /contact/ HTTP/1.1" 200 29616
"GET /contact/ HTTP/1.1" 200 29617
"GET /contact/ HTTP/1.1" 200 29617
"GET /about/ HTTP/1.1" 200 14365
"GET /about/ HTTP/1.1" 200 14365
"GET /contact/ HTTP/1.1" 200 29617
"GET /contact/ HTTP/1.1" 200 29617
"GET /contact/ HTTP/1.1" 200 29617
"GET /contact/ HTTP/1.1" 200 29617
"GET /about/ HTTP/1.1" 200 14365
"GET /about/ HTTP/1.1" 200 14365
"GET /contact/ HTTP/1.1" 200 29617
"GET /contact/ HTTP/1.1" 200 29617
"GET /profile/ HTTP/1.1" 200 64756
"GET /profile/ HTTP/1.1" 200 64756
"GET /profile/ HTTP/1.1" 200 64756
"GET /profile/ HTTP/1.1" 200 64756
"GET /checkout/ HTTP/1.1" 200 28020
"GET /checkout/ HTTP/1.1" 200 28020
"GET /blog/ HTTP/1.1" 200 16348
"GET /blog/ HTTP/1.1" 200 16348
"GET /profile/ HTTP/1.1" 200 64756
"GET /profile/ HTTP/1.1" 200 64756
"GET /contact/ HTTP/1.1" 200 29617
"GET /contact/ HTTP/1.1" 200 29617
"GET /about/ HTTP/1.1" 200 14365
"GET /about/ HTTP/1.1" 200 14365
"GET /team/ HTTP/1.1" 200 15085
"GET /team/ HTTP/1.1" 200 15085
"GET /blog/ HTTP/1.1" 200 16348
"GET /blog/ HTTP/1.1" 200 16348
"GET /checkout/ HTTP/1.1" 200 28020
"GET /checkout/ HTTP/1.1" 200 28020
"GET /profile/ HTTP/1.1" 200 64756
"GET /profile/ HTTP/1.1" 200 64756
"GET /authen/logout/ HTTP/1.1" 302 0
"GET /authen/logout/ HTTP/1.1" 302 0
"GET /authen/login/ HTTP/1.1" 200 12967
"GET /authen/login/ HTTP/1.1" 200 12967
"GET /authen/login/ HTTP/1.1" 200 12643
"GET /authen/login/ HTTP/1.1" 200 12643
"POST /authen/login/ HTTP/1.1" 302 0
"POST /authen/login/ HTTP/1.1" 302 0
"GET / HTTP/1.1" 200 130696
"GET / HTTP/1.1" 200 130696
"GET /contact/ HTTP/1.1" 200 29970
"GET /contact/ HTTP/1.1" 200 29970
"GET /profile/ HTTP/1.1" 200 64756
"GET /profile/ HTTP/1.1" 200 64756
"GET /checkout/ HTTP/1.1" 200 28020
"GET /checkout/ HTTP/1.1" 200 28020
"GET /contact/ HTTP/1.1" 200 29617
"GET /contact/ HTTP/1.1" 200 29617
"GET /contact/ HTTP/1.1" 200 29734
"GET /contact/ HTTP/1.1" 200 29734
"GET /contact/ HTTP/1.1" 200 30010
"GET /contact/ HTTP/1.1" 200 30010
"GET /contact/ HTTP/1.1" 200 29617
"GET /contact/ HTTP/1.1" 200 29617
"GET /checkout/ HTTP/1.1" 200 28020
"GET /checkout/ HTTP/1.1" 200 28020
"GET /profile/ HTTP/1.1" 200 64756
"GET /profile/ HTTP/1.1" 200 64756
"GET /checkout/ HTTP/1.1" 200 28020
"GET /checkout/ HTTP/1.1" 200 28020
Internal Server Error: /checkout/
Traceback (most recent call last):
  File "/Users/yukta/Desktop/Project/venv/lib/python3.13/site-packages/django/template/base.py", line 505, in parse
    compile_func = self.tags[command]
                   ~~~~~~~~~^^^^^^^^^
KeyError: 'endblock'

During handling of the above exception, another exception occurred:

Traceback (most recent call last):
  File "/Users/yukta/Desktop/Project/venv/lib/python3.13/site-packages/django/core/handlers/exception.py", line 55, in inner
    response = get_response(request)
  File "/Users/yukta/Desktop/Project/venv/lib/python3.13/site-packages/django/core/handlers/base.py", line 197, in _get_response
    response = wrapped_callback(request, *callback_args, **callback_kwargs)
  File "/Users/yukta/Desktop/Project/venv/lib/python3.13/site-packages/django/contrib/auth/decorators.py", line 23, in _wrapper_view
    return view_func(request, *args, **kwargs)
  File "/Users/yukta/Desktop/Project/ecommerceapp/views.py", line 268, in checkout
    return render(request, 'checkout.html', context)
  File "/Users/yukta/Desktop/Project/venv/lib/python3.13/site-packages/django/shortcuts.py", line 24, in render
    content = loader.render_to_string(template_name, context, request, using=using)
  File "/Users/yukta/Desktop/Project/venv/lib/python3.13/site-packages/django/template/loader.py", line 61, in render_to_string
    template = get_template(template_name, using=using)
  File "/Users/yukta/Desktop/Project/venv/lib/python3.13/site-packages/django/template/loader.py", line 15, in get_template
    return engine.get_template(template_name)
           ~~~~~~~~~~~~~~~~~~~^^^^^^^^^^^^^^^
  File "/Users/yukta/Desktop/Project/venv/lib/python3.13/site-packages/django/template/backends/django.py", line 33, in get_template
    return Template(self.engine.get_template(template_name), self)
                    ~~~~~~~~~~~~~~~~~~~~~~~~^^^^^^^^^^^^^^^
  File "/Users/yukta/Desktop/Project/venv/lib/python3.13/site-packages/django/template/engine.py", line 175, in get_template
    template, origin = self.find_template(template_name)
                       ~~~~~~~~~~~~~~~~~~^^^^^^^^^^^^^^^
  File "/Users/yukta/Desktop/Project/venv/lib/python3.13/site-packages/django/template/engine.py", line 157, in find_template
    template = loader.get_template(name, skip=skip)
  File "/Users/yukta/Desktop/Project/venv/lib/python3.13/site-packages/django/template/loaders/cached.py", line 57, in get_template
    template = super().get_template(template_name, skip)
  File "/Users/yukta/Desktop/Project/venv/lib/python3.13/site-packages/django/template/loaders/base.py", line 28, in get_template
    return Template(
        contents,
    ...<2 lines>...
        self.engine,
    )
  File "/Users/yukta/Desktop/Project/venv/lib/python3.13/site-packages/django/template/base.py", line 154, in __init__
    self.nodelist = self.compile_nodelist()
                    ~~~~~~~~~~~~~~~~~~~~~^^
  File "/Users/yukta/Desktop/Project/venv/lib/python3.13/site-packages/django/template/base.py", line 200, in compile_nodelist
    return parser.parse()
           ~~~~~~~~~~~~^^
  File "/Users/yukta/Desktop/Project/venv/lib/python3.13/site-packages/django/template/base.py", line 513, in parse
    raise self.error(token, e)
  File "/Users/yukta/Desktop/Project/venv/lib/python3.13/site-packages/django/template/base.py", line 511, in parse
    compiled_result = compile_func(self, token)
  File "/Users/yukta/Desktop/Project/venv/lib/python3.13/site-packages/django/template/loader_tags.py", line 293, in do_extends
    nodelist = parser.parse()
  File "/Users/yukta/Desktop/Project/venv/lib/python3.13/site-packages/django/template/base.py", line 507, in parse
    self.invalid_block_tag(token, command, parse_until)
    ~~~~~~~~~~~~~~~~~~~~~~^^^^^^^^^^^^^^^^^^^^^^^^^^^^^
  File "/Users/yukta/Desktop/Project/venv/lib/python3.13/site-packages/django/template/base.py", line 568, in invalid_block_tag
    raise self.error(
    ...<3 lines>...
    )
django.template.exceptions.TemplateSyntaxError: Invalid block tag on line 1379: 'endblock'. Did you forget to register or load this tag?
Internal Server Error: /checkout/
Traceback (most recent call last):
  File "/Users/yukta/Desktop/Project/venv/lib/python3.13/site-packages/django/template/base.py", line 505, in parse
    compile_func = self.tags[command]
                   ~~~~~~~~~^^^^^^^^^
KeyError: 'endblock'

During handling of the above exception, another exception occurred:

Traceback (most recent call last):
  File "/Users/yukta/Desktop/Project/venv/lib/python3.13/site-packages/django/core/handlers/exception.py", line 55, in inner
    response = get_response(request)
  File "/Users/yukta/Desktop/Project/venv/lib/python3.13/site-packages/django/core/handlers/base.py", line 197, in _get_response
    response = wrapped_callback(request, *callback_args, **callback_kwargs)
  File "/Users/yukta/Desktop/Project/venv/lib/python3.13/site-packages/django/contrib/auth/decorators.py", line 23, in _wrapper_view
    return view_func(request, *args, **kwargs)
  File "/Users/yukta/Desktop/Project/ecommerceapp/views.py", line 268, in checkout
    return render(request, 'checkout.html', context)
  File "/Users/yukta/Desktop/Project/venv/lib/python3.13/site-packages/django/shortcuts.py", line 24, in render
    content = loader.render_to_string(template_name, context, request, using=using)
  File "/Users/yukta/Desktop/Project/venv/lib/python3.13/site-packages/django/template/loader.py", line 61, in render_to_string
    template = get_template(template_name, using=using)
  File "/Users/yukta/Desktop/Project/venv/lib/python3.13/site-packages/django/template/loader.py", line 15, in get_template
    return engine.get_template(template_name)
           ~~~~~~~~~~~~~~~~~~~^^^^^^^^^^^^^^^
  File "/Users/yukta/Desktop/Project/venv/lib/python3.13/site-packages/django/template/backends/django.py", line 33, in get_template
    return Template(self.engine.get_template(template_name), self)
                    ~~~~~~~~~~~~~~~~~~~~~~~~^^^^^^^^^^^^^^^
  File "/Users/yukta/Desktop/Project/venv/lib/python3.13/site-packages/django/template/engine.py", line 175, in get_template
    template, origin = self.find_template(template_name)
                       ~~~~~~~~~~~~~~~~~~^^^^^^^^^^^^^^^
  File "/Users/yukta/Desktop/Project/venv/lib/python3.13/site-packages/django/template/engine.py", line 157, in find_template
    template = loader.get_template(name, skip=skip)
  File "/Users/yukta/Desktop/Project/venv/lib/python3.13/site-packages/django/template/loaders/cached.py", line 57, in get_template
    template = super().get_template(template_name, skip)
  File "/Users/yukta/Desktop/Project/venv/lib/python3.13/site-packages/django/template/loaders/base.py", line 28, in get_template
    return Template(
        contents,
    ...<2 lines>...
        self.engine,
    )
  File "/Users/yukta/Desktop/Project/venv/lib/python3.13/site-packages/django/template/base.py", line 154, in __init__
    self.nodelist = self.compile_nodelist()
                    ~~~~~~~~~~~~~~~~~~~~~^^
  File "/Users/yukta/Desktop/Project/venv/lib/python3.13/site-packages/django/template/base.py", line 200, in compile_nodelist
    return parser.parse()
           ~~~~~~~~~~~~^^
  File "/Users/yukta/Desktop/Project/venv/lib/python3.13/site-packages/django/template/base.py", line 513, in parse
    raise self.error(token, e)
  File "/Users/yukta/Desktop/Project/venv/lib/python3.13/site-packages/django/template/base.py", line 511, in parse
    compiled_result = compile_func(self, token)
  File "/Users/yukta/Desktop/Project/venv/lib/python3.13/site-packages/django/template/loader_tags.py", line 293, in do_extends
    nodelist = parser.parse()
  File "/Users/yukta/Desktop/Project/venv/lib/python3.13/site-packages/django/template/base.py", line 507, in parse
    self.invalid_block_tag(token, command, parse_until)
    ~~~~~~~~~~~~~~~~~~~~~~^^^^^^^^^^^^^^^^^^^^^^^^^^^^^
  File "/Users/yukta/Desktop/Project/venv/lib/python3.13/site-packages/django/template/base.py", line 568, in invalid_block_tag
    raise self.error(
    ...<3 lines>...
    )
django.template.exceptions.TemplateSyntaxError: Invalid block tag on line 1379: 'endblock'. Did you forget to register or load this tag?
"GET /checkout/ HTTP/1.1" 500 167502
"GET /checkout/ HTTP/1.1" 500 167502
"GET /checkout/ HTTP/1.1" 200 39077
"GET /checkout/ HTTP/1.1" 200 39077
"GET /contact/ HTTP/1.1" 200 29617
"GET /contact/ HTTP/1.1" 200 29617
"GET /about/ HTTP/1.1" 200 14365
"GET /about/ HTTP/1.1" 200 14365
"GET /team/ HTTP/1.1" 200 15085
"GET /team/ HTTP/1.1" 200 15085
"GET /blog/ HTTP/1.1" 200 16348
"GET /blog/ HTTP/1.1" 200 16348
"GET /checkout/ HTTP/1.1" 200 39077
"GET /checkout/ HTTP/1.1" 200 39077
"GET /profile/ HTTP/1.1" 200 64756
"GET /profile/ HTTP/1.1" 200 64756
"GET /blog/ HTTP/1.1" 200 16348
"GET /blog/ HTTP/1.1" 200 16348
"GET /about/ HTTP/1.1" 200 14365
"GET /about/ HTTP/1.1" 200 14365
"GET /checkout/ HTTP/1.1" 200 39686
"GET /checkout/ HTTP/1.1" 200 39686
"GET /checkout/ HTTP/1.1" 200 39641
"GET /checkout/ HTTP/1.1" 200 39641
"GET /checkout/ HTTP/1.1" 200 39686
"GET /checkout/ HTTP/1.1" 200 39686
"GET /checkout/ HTTP/1.1" 200 40079
"GET /checkout/ HTTP/1.1" 200 40079
"GET /checkout/ HTTP/1.1" 200 40081
"GET /checkout/ HTTP/1.1" 200 40081
"GET /checkout/ HTTP/1.1" 200 40070
"GET /checkout/ HTTP/1.1" 200 40070
"GET /checkout/ HTTP/1.1" 200 39924
"GET /checkout/ HTTP/1.1" 200 39924
"GET / HTTP/1.1" 200 130696
"GET / HTTP/1.1" 200 130696
"GET /about/ HTTP/1.1" 200 14365
"GET /about/ HTTP/1.1" 200 14365
"GET /contact/ HTTP/1.1" 200 29595
"GET /contact/ HTTP/1.1" 200 29595
"GET /checkout/ HTTP/1.1" 200 39924
"GET /checkout/ HTTP/1.1" 200 39924
"GET /checkout/ HTTP/1.1" 200 40072
"GET /checkout/ HTTP/1.1" 200 40072
"GET /checkout/ HTTP/1.1" 200 40074
"GET /checkout/ HTTP/1.1" 200 40074
"GET /contact/ HTTP/1.1" 200 29595
"GET /contact/ HTTP/1.1" 200 29595
"GET /blog/ HTTP/1.1" 200 16348
"GET /blog/ HTTP/1.1" 200 16348
"GET /checkout/ HTTP/1.1" 200 40074
"GET /checkout/ HTTP/1.1" 200 40074
"GET /profile/ HTTP/1.1" 200 64756
"GET /profile/ HTTP/1.1" 200 64756
"GET /blog/ HTTP/1.1" 200 16348
"GET /blog/ HTTP/1.1" 200 16348
"GET /checkout/ HTTP/1.1" 200 40074
"GET /checkout/ HTTP/1.1" 200 40074
"GET /blog/ HTTP/1.1" 200 16357
"GET /blog/ HTTP/1.1" 200 16357
"GET /checkout/ HTTP/1.1" 200 40074
"GET /checkout/ HTTP/1.1" 200 40074
"GET /team/ HTTP/1.1" 200 15085
"GET /team/ HTTP/1.1" 200 15085
"GET /blog/ HTTP/1.1" 200 16357
"GET /blog/ HTTP/1.1" 200 16357
"GET /checkout/ HTTP/1.1" 200 40063
"GET /checkout/ HTTP/1.1" 200 40063
"GET /checkout/ HTTP/1.1" 200 40065
"GET /checkout/ HTTP/1.1" 200 40065
"GET /checkout/ HTTP/1.1" 200 40065
"GET /checkout/ HTTP/1.1" 200 40065
"GET /authen/logout/ HTTP/1.1" 302 0
"GET /authen/logout/ HTTP/1.1" 302 0
"GET /authen/login/ HTTP/1.1" 200 12967
"GET /authen/login/ HTTP/1.1" 200 12967
"GET /profile/ HTTP/1.1" 302 0
"GET /profile/ HTTP/1.1" 302 0
Not Found: /accounts/login/
Not Found: /accounts/login/
"GET /accounts/login/?next=/profile/ HTTP/1.1" 404 5783
"GET /accounts/login/?next=/profile/ HTTP/1.1" 404 5783
"GET /authen/login/ HTTP/1.1" 200 12643
"GET /authen/login/ HTTP/1.1" 200 12643
"GET /authen/login/ HTTP/1.1" 200 12643
"GET /authen/login/ HTTP/1.1" 200 12643
"POST /authen/login/ HTTP/1.1" 302 0
"POST /authen/login/ HTTP/1.1" 302 0
"GET / HTTP/1.1" 200 130696
"GET / HTTP/1.1" 200 130696
"GET /checkout/ HTTP/1.1" 200 40432
"GET /checkout/ HTTP/1.1" 200 40432
"GET /checkout/ HTTP/1.1" 200 40065
"GET /checkout/ HTTP/1.1" 200 40065
"GET /checkout/ HTTP/1.1" 200 40065
"GET /checkout/ HTTP/1.1" 200 40065
"GET /checkout/ HTTP/1.1" 200 40065
"GET /checkout/ HTTP/1.1" 200 40065
"GET /blog/ HTTP/1.1" 200 16348
"GET /blog/ HTTP/1.1" 200 16348
"GET /checkout/ HTTP/1.1" 200 40065
"GET /checkout/ HTTP/1.1" 200 40065
"GET /profile/ HTTP/1.1" 200 64756
"GET /profile/ HTTP/1.1" 200 64756
"GET /profile/ HTTP/1.1" 200 64752
"GET /profile/ HTTP/1.1" 200 64752
"GET /about/ HTTP/1.1" 200 14365
"GET /about/ HTTP/1.1" 200 14365
"GET /contact/ HTTP/1.1" 200 29595
"GET /contact/ HTTP/1.1" 200 29595
"GET /contact/ HTTP/1.1" 200 29591
"GET /contact/ HTTP/1.1" 200 29591
"GET /blog/ HTTP/1.1" 200 16348
"GET /blog/ HTTP/1.1" 200 16348
"GET /team/ HTTP/1.1" 200 15085
"GET /team/ HTTP/1.1" 200 15085
"GET /about/ HTTP/1.1" 200 14365
"GET /about/ HTTP/1.1" 200 14365
"GET /checkout/ HTTP/1.1" 200 40065
"GET /checkout/ HTTP/1.1" 200 40065
"GET /blog/ HTTP/1.1" 200 16350
"GET /blog/ HTTP/1.1" 200 16350
"GET /blog/ HTTP/1.1" 200 16350
"GET /blog/ HTTP/1.1" 200 16350
"GET /about/ HTTP/1.1" 200 14366
"GET /about/ HTTP/1.1" 200 14366
"GET /about/ HTTP/1.1" 200 14366
"GET /about/ HTTP/1.1" 200 14366
"GET /team/ HTTP/1.1" 200 15085
"GET /team/ HTTP/1.1" 200 15085
"GET /about/ HTTP/1.1" 200 14366
"GET /about/ HTTP/1.1" 200 14366
"GET /blog/ HTTP/1.1" 200 16350
"GET /blog/ HTTP/1.1" 200 16350
"GET /about/ HTTP/1.1" 200 14366
"GET /about/ HTTP/1.1" 200 14366
"GET /checkout/ HTTP/1.1" 200 40065
"GET /checkout/ HTTP/1.1" 200 40065
"GET /contact/ HTTP/1.1" 200 29594
"GET /contact/ HTTP/1.1" 200 29594
"GET /profile/ HTTP/1.1" 200 64752
"GET /profile/ HTTP/1.1" 200 64752
"POST /cancel-order/ORD-2688C0C0/ HTTP/1.1" 302 0
"POST /cancel-order/ORD-2688C0C0/ HTTP/1.1" 302 0
"GET /orders/ HTTP/1.1" 200 66543
"GET /orders/ HTTP/1.1" 200 66543
"GET /orders/ORD-27558542/ HTTP/1.1" 200 43157
"GET /orders/ORD-27558542/ HTTP/1.1" 200 43157
"GET /orders/ORD-27558542/ HTTP/1.1" 200 43157
"GET /orders/ORD-27558542/ HTTP/1.1" 200 43157
"GET /profile/ HTTP/1.1" 200 64238
"GET /profile/ HTTP/1.1" 200 64238
"GET /checkout/ HTTP/1.1" 200 40065
"GET /checkout/ HTTP/1.1" 200 40065
"GET /profile/ HTTP/1.1" 200 64238
"GET /profile/ HTTP/1.1" 200 64238
"GET /orders/ORD-CF05BD76/ HTTP/1.1" 200 43157
"GET /orders/ORD-CF05BD76/ HTTP/1.1" 200 43157
"GET /orders/ORD-2039F1DA/ HTTP/1.1" 200 42738
"GET /orders/ORD-2039F1DA/ HTTP/1.1" 200 42738
"GET /orders/ HTTP/1.1" 200 66144
"GET /orders/ HTTP/1.1" 200 66144
"GET /orders/ HTTP/1.1" 200 66150
"GET /orders/ HTTP/1.1" 200 66150
"GET /orders/ORD-CF05BD76/ HTTP/1.1" 200 43163
"GET /orders/ORD-CF05BD76/ HTTP/1.1" 200 43163
"GET / HTTP/1.1" 200 130696
"GET / HTTP/1.1" 200 130696
"GET /about/ HTTP/1.1" 200 14366
"GET /about/ HTTP/1.1" 200 14366
"GET /about/ HTTP/1.1" 200 14366
"GET /about/ HTTP/1.1" 200 14366
"GET /team/ HTTP/1.1" 200 15085
"GET /team/ HTTP/1.1" 200 15085
Watching for file changes with StatReloader
Watching for file changes with StatReloader
"GET / HTTP/1.1" 200 130696
"GET / HTTP/1.1" 200 130696
"GET /checkout/ HTTP/1.1" 200 40065
"GET /checkout/ HTTP/1.1" 200 40065
"POST /checkout/ HTTP/1.1" 200 39182
"POST /checkout/ HTTP/1.1" 200 39182
"GET /khalti/payment/?order_id=ORD-6FC04D7C HTTP/1.1" 200 24636
"GET /khalti/payment/?order_id=ORD-6FC04D7C HTTP/1.1" 200 24636
"GET /esewa/payment/?order_id=ORD-6FC04D7C HTTP/1.1" 200 26120
"GET /esewa/payment/?order_id=ORD-6FC04D7C HTTP/1.1" 200 26120
Forbidden (CSRF token missing.): /esewa/payment/
Forbidden (CSRF token missing.): /esewa/payment/
"POST /esewa/payment/?order_id=ORD-6FC04D7C HTTP/1.1" 403 2506
"POST /esewa/payment/?order_id=ORD-6FC04D7C HTTP/1.1" 403 2506
"POST /orders/ORD-6FC04D7C/delete/ HTTP/1.1" 302 0
"POST /orders/ORD-6FC04D7C/delete/ HTTP/1.1" 302 0
"GET /orders/ HTTP/1.1" 200 66549
"GET /orders/ HTTP/1.1" 200 66549
"GET / HTTP/1.1" 200 130696
"GET / HTTP/1.1" 200 130696
"GET / HTTP/1.1" 200 130696
"GET / HTTP/1.1" 200 130696
"GET /profile/ HTTP/1.1" 200 64238
"GET /profile/ HTTP/1.1" 200 64238
"GET /orders/ORD-CF05BD76/ HTTP/1.1" 200 43163
"GET /orders/ORD-CF05BD76/ HTTP/1.1" 200 43163
"GET /khalti/payment/?order_id=ORD-CF05BD76 HTTP/1.1" 200 14567
"GET /khalti/payment/?order_id=ORD-CF05BD76 HTTP/1.1" 200 14567
"GET /khalti/payment/?order_id=ORD-CF05BD76 HTTP/1.1" 200 16976
"GET /khalti/payment/?order_id=ORD-CF05BD76 HTTP/1.1" 200 16976
"GET /khalti/payment/?order_id=ORD-CF05BD76 HTTP/1.1" 200 25265
"GET /khalti/payment/?order_id=ORD-CF05BD76 HTTP/1.1" 200 25265
"GET /orders/ORD-CF05BD76/ HTTP/1.1" 200 43163
"GET /orders/ORD-CF05BD76/ HTTP/1.1" 200 43163
"GET /about/ HTTP/1.1" 200 14366
"GET /about/ HTTP/1.1" 200 14366
"GET /team/ HTTP/1.1" 200 19867
"GET /team/ HTTP/1.1" 200 19867
Watching for file changes with StatReloader
Watching for file changes with StatReloader
"GET / HTTP/1.1" 200 130696
"GET / HTTP/1.1" 200 130696
"GET /team/ HTTP/1.1" 200 19867
"GET /team/ HTTP/1.1" 200 19867
"GET /team/ HTTP/1.1" 200 19867
"GET /team/ HTTP/1.1" 200 19867
"GET /team/ HTTP/1.1" 200 19867
"GET /team/ HTTP/1.1" 200 19867
"GET /team/ HTTP/1.1" 200 19867
"GET /team/ HTTP/1.1" 200 19867
"GET /about/ HTTP/1.1" 200 14366
"GET /about/ HTTP/1.1" 200 14366
"GET / HTTP/1.1" 200 130696
"GET / HTTP/1.1" 200 130696
"GET /team/ HTTP/1.1" 200 19867
"GET /team/ HTTP/1.1" 200 19867
"GET /team/ HTTP/1.1" 200 19868
"GET /team/ HTTP/1.1" 200 19868
"GET /profile/ HTTP/1.1" 200 64238
"GET /profile/ HTTP/1.1" 200 64238
"GET /orders/ORD-CF05BD76/ HTTP/1.1" 200 43163
"GET /orders/ORD-CF05BD76/ HTTP/1.1" 200 43163
"GET /khalti/payment/?order_id=ORD-CF05BD76 HTTP/1.1" 200 26985
"GET /khalti/payment/?order_id=ORD-CF05BD76 HTTP/1.1" 200 26985
"GET /khalti/payment/?order_id=ORD-CF05BD76 HTTP/1.1" 200 26985
"GET /khalti/payment/?order_id=ORD-CF05BD76 HTTP/1.1" 200 26985
/Users/yukta/Desktop/Project/ecommerceapp/views.py changed, reloading.
/Users/yukta/Desktop/Project/ecommerceapp/views.py changed, reloading.
Watching for file changes with StatReloader
Watching for file changes with StatReloader
/Users/yukta/Desktop/Project/ecommerceapp/views.py changed, reloading.
/Users/yukta/Desktop/Project/ecommerceapp/views.py changed, reloading.
Watching for file changes with StatReloader
Watching for file changes with StatReloader
/Users/yukta/Desktop/Project/ecommerceapp/views.py changed, reloading.
/Users/yukta/Desktop/Project/ecommerceapp/views.py changed, reloading.
Watching for file changes with StatReloader
Watching for file changes with StatReloader
/Users/yukta/Desktop/Project/ecommerceapp/views.py changed, reloading.
/Users/yukta/Desktop/Project/ecommerceapp/views.py changed, reloading.
Watching for file changes with StatReloader
Watching for file changes with StatReloader
/Users/yukta/Desktop/Project/ecommerceapp/views.py changed, reloading.
/Users/yukta/Desktop/Project/ecommerceapp/views.py changed, reloading.
Watching for file changes with StatReloader
Watching for file changes with StatReloader
/Users/yukta/Desktop/Project/ecommerceapp/views.py changed, reloading.
/Users/yukta/Desktop/Project/ecommerceapp/views.py changed, reloading.
Watching for file changes with StatReloader
Watching for file changes with StatReloader
/Users/yukta/Desktop/Project/ecommerceapp/views.py changed, reloading.
/Users/yukta/Desktop/Project/ecommerceapp/views.py changed, reloading.
Watching for file changes with StatReloader
Watching for file changes with StatReloader
/Users/yukta/Desktop/Project/ecommerceapp/views.py changed, reloading.
/Users/yukta/Desktop/Project/ecommerceapp/views.py changed, reloading.
Watching for file changes with StatReloader
Watching for file changes with StatReloader
/Users/yukta/Desktop/Project/ecommerceapp/views.py changed, reloading.
/Users/yukta/Desktop/Project/ecommerceapp/views.py changed, reloading.
Watching for file changes with StatReloader
Watching for file changes with StatReloader
/Users/yukta/Desktop/Project/ecommerceapp/views.py changed, reloading.
/Users/yukta/Desktop/Project/ecommerceapp/views.py changed, reloading.
Watching for file changes with StatReloader
Watching for file changes with StatReloader
/Users/yukta/Desktop/Project/ecommerceapp/views.py changed, reloading.
/Users/yukta/Desktop/Project/ecommerceapp/views.py changed, reloading.
Watching for file changes with StatReloader
Watching for file changes with StatReloader
/Users/yukta/Desktop/Project/ecommerceapp/views.py changed, reloading.
/Users/yukta/Desktop/Project/ecommerceapp/views.py changed, reloading.
Watching for file changes with StatReloader
Watching for file changes with StatReloader
/Users/yukta/Desktop/Project/ecommerceapp/views.py changed, reloading.
/Users/yukta/Desktop/Project/ecommerceapp/views.py changed, reloading.
Watching for file changes with StatReloader
Watching for file changes with StatReloader
/Users/yukta/Desktop/Project/ecommerceapp/views.py changed, reloading.
/Users/yukta/Desktop/Project/ecommerceapp/views.py changed, reloading.
Watching for file changes with StatReloader
Watching for file changes with StatReloader
/Users/yukta/Desktop/Project/ecommerceapp/views.py changed, reloading.
/Users/yukta/Desktop/Project/ecommerceapp/views.py changed, reloading.
Watching for file changes with StatReloader
Watching for file changes with StatReloader
/Users/yukta/Desktop/Project/ecommerceapp/views.py changed, reloading.
/Users/yukta/Desktop/Project/ecommerceapp/views.py changed, reloading.
Watching for file changes with StatReloader
Watching for file changes with StatReloader
/Users/yukta/Desktop/Project/ecommerceapp/views.py changed, reloading.
/Users/yukta/Desktop/Project/ecommerceapp/views.py changed, reloading.
Watching for file changes with StatReloader
Watching for file changes with StatReloader
"GET / HTTP/1.1" 200 130696
"GET / HTTP/1.1" 200 130696
"GET /profile/ HTTP/1.1" 200 64238
"GET /profile/ HTTP/1.1" 200 64238
"GET /orders/ORD-CF05BD76/ HTTP/1.1" 200 43163
"GET /orders/ORD-CF05BD76/ HTTP/1.1" 200 43163
Internal Server Error: /khalti/payment/
Traceback (most recent call last):
  File "/Users/yukta/Desktop/Project/venv/lib/python3.13/site-packages/django/core/handlers/exception.py", line 55, in inner
    response = get_response(request)
  File "/Users/yukta/Desktop/Project/venv/lib/python3.13/site-packages/django/core/handlers/base.py", line 197, in _get_response
    response = wrapped_callback(request, *callback_args, **callback_kwargs)
  File "/Users/yukta/Desktop/Project/venv/lib/python3.13/site-packages/django/contrib/auth/decorators.py", line 23, in _wrapper_view
    return view_func(request, *args, **kwargs)
  File "/Users/yukta/Desktop/Project/ecommerceapp/views.py", line 420, in khalti_payment
    return render(request, 'khalti_payment.html', context)
  File "/Users/yukta/Desktop/Project/venv/lib/python3.13/site-packages/django/shortcuts.py", line 24, in render
    content = loader.render_to_string(template_name, context, request, using=using)
  File "/Users/yukta/Desktop/Project/venv/lib/python3.13/site-packages/django/template/loader.py", line 62, in render_to_string
    return template.render(context, request)
           ~~~~~~~~~~~~~~~^^^^^^^^^^^^^^^^^^
  File "/Users/yukta/Desktop/Project/venv/lib/python3.13/site-packages/django/template/backends/django.py", line 57, in render
    context = make_context(
        context, request, autoescape=self.backend.engine.autoescape
    )
  File "/Users/yukta/Desktop/Project/venv/lib/python3.13/site-packages/django/template/context.py", line 278, in make_context
    raise TypeError(
        "context must be a dict rather than %s." % context.__class__.__name__
    )
TypeError: context must be a dict rather than tuple.
Internal Server Error: /khalti/payment/
Traceback (most recent call last):
  File "/Users/yukta/Desktop/Project/venv/lib/python3.13/site-packages/django/core/handlers/exception.py", line 55, in inner
    response = get_response(request)
  File "/Users/yukta/Desktop/Project/venv/lib/python3.13/site-packages/django/core/handlers/base.py", line 197, in _get_response
    response = wrapped_callback(request, *callback_args, **callback_kwargs)
  File "/Users/yukta/Desktop/Project/venv/lib/python3.13/site-packages/django/contrib/auth/decorators.py", line 23, in _wrapper_view
    return view_func(request, *args, **kwargs)
  File "/Users/yukta/Desktop/Project/ecommerceapp/views.py", line 420, in khalti_payment
    return render(request, 'khalti_payment.html', context)
  File "/Users/yukta/Desktop/Project/venv/lib/python3.13/site-packages/django/shortcuts.py", line 24, in render
    content = loader.render_to_string(template_name, context, request, using=using)
  File "/Users/yukta/Desktop/Project/venv/lib/python3.13/site-packages/django/template/loader.py", line 62, in render_to_string
    return template.render(context, request)
           ~~~~~~~~~~~~~~~^^^^^^^^^^^^^^^^^^
  File "/Users/yukta/Desktop/Project/venv/lib/python3.13/site-packages/django/template/backends/django.py", line 57, in render
    context = make_context(
        context, request, autoescape=self.backend.engine.autoescape
    )
  File "/Users/yukta/Desktop/Project/venv/lib/python3.13/site-packages/django/template/context.py", line 278, in make_context
    raise TypeError(
        "context must be a dict rather than %s." % context.__class__.__name__
    )
TypeError: context must be a dict rather than tuple.
"GET /khalti/payment/?order_id=ORD-CF05BD76 HTTP/1.1" 500 88475
"GET /khalti/payment/?order_id=ORD-CF05BD76 HTTP/1.1" 500 88475
/Users/yukta/Desktop/Project/ecommerceapp/views.py changed, reloading.
/Users/yukta/Desktop/Project/ecommerceapp/views.py changed, reloading.
Watching for file changes with StatReloader
Watching for file changes with StatReloader
"GET /khalti/payment/?order_id=ORD-CF05BD76 HTTP/1.1" 200 28272
"GET /khalti/payment/?order_id=ORD-CF05BD76 HTTP/1.1" 200 28272
"GET /khalti/payment/?order_id=ORD-CF05BD76 HTTP/1.1" 200 28272
"GET /khalti/payment/?order_id=ORD-CF05BD76 HTTP/1.1" 200 28272
"GET /khalti/payment/?order_id=ORD-CF05BD76 HTTP/1.1" 200 28272
"GET /khalti/payment/?order_id=ORD-CF05BD76 HTTP/1.1" 200 28272
"GET /khalti/payment/?order_id=ORD-CF05BD76 HTTP/1.1" 200 0
"GET /khalti/payment/?order_id=ORD-CF05BD76 HTTP/1.1" 200 0
"GET /khalti/payment/?order_id=ORD-CF05BD76 HTTP/1.1" 200 12364
"GET /khalti/payment/?order_id=ORD-CF05BD76 HTTP/1.1" 200 12364
"GET /orders/ORD-CF05BD76/ HTTP/1.1" 200 43163
"GET /orders/ORD-CF05BD76/ HTTP/1.1" 200 43163
"GET /khalti/payment/?order_id=ORD-CF05BD76 HTTP/1.1" 200 12364
"GET /khalti/payment/?order_id=ORD-CF05BD76 HTTP/1.1" 200 12364
"GET /profile/ HTTP/1.1" 200 64238
"GET /profile/ HTTP/1.1" 200 64238
"GET / HTTP/1.1" 200 130696
"GET / HTTP/1.1" 200 130696
"GET /checkout/ HTTP/1.1" 200 40065
"GET /checkout/ HTTP/1.1" 200 40065
"POST /checkout/ HTTP/1.1" 200 39175
"POST /checkout/ HTTP/1.1" 200 39175
"GET /khalti/payment/?order_id=ORD-27373C6B HTTP/1.1" 200 12364
"GET /khalti/payment/?order_id=ORD-27373C6B HTTP/1.1" 200 12364
"GET /khalti/payment/?order_id=ORD-27373C6B HTTP/1.1" 200 28272
"GET /khalti/payment/?order_id=ORD-27373C6B HTTP/1.1" 200 28272
"GET /khalti/payment/?order_id=ORD-27373C6B HTTP/1.1" 200 27854
"GET /khalti/payment/?order_id=ORD-27373C6B HTTP/1.1" 200 27854
"GET /khalti/payment/?order_id=ORD-27373C6B HTTP/1.1" 200 27790
"GET /khalti/payment/?order_id=ORD-27373C6B HTTP/1.1" 200 27790
"GET /khalti/payment/?order_id=ORD-27373C6B HTTP/1.1" 200 27854
"GET /khalti/payment/?order_id=ORD-27373C6B HTTP/1.1" 200 27854
"GET /khalti/payment/?order_id=ORD-27373C6B HTTP/1.1" 200 24636
"GET /khalti/payment/?order_id=ORD-27373C6B HTTP/1.1" 200 24636
"GET /khalti/payment/?order_id=ORD-27373C6B HTTP/1.1" 200 24631
"GET /khalti/payment/?order_id=ORD-27373C6B HTTP/1.1" 200 24631
"GET /khalti/payment/?order_id=ORD-27373C6B HTTP/1.1" 200 24631
"GET /khalti/payment/?order_id=ORD-27373C6B HTTP/1.1" 200 24631
Internal Server Error: /khalti/payment/
Traceback (most recent call last):
  File "/Users/yukta/Desktop/Project/venv/lib/python3.13/site-packages/django/core/handlers/exception.py", line 55, in inner
    response = get_response(request)
  File "/Users/yukta/Desktop/Project/venv/lib/python3.13/site-packages/django/core/handlers/base.py", line 197, in _get_response
    response = wrapped_callback(request, *callback_args, **callback_kwargs)
  File "/Users/yukta/Desktop/Project/venv/lib/python3.13/site-packages/django/contrib/auth/decorators.py", line 23, in _wrapper_view
    return view_func(request, *args, **kwargs)
  File "/Users/yukta/Desktop/Project/ecommerceapp/views.py", line 420, in khalti_payment
    return render(request, 'khalti_payment.html', context)
  File "/Users/yukta/Desktop/Project/venv/lib/python3.13/site-packages/django/shortcuts.py", line 24, in render
    content = loader.render_to_string(template_name, context, request, using=using)
  File "/Users/yukta/Desktop/Project/venv/lib/python3.13/site-packages/django/template/loader.py", line 61, in render_to_string
    template = get_template(template_name, using=using)
  File "/Users/yukta/Desktop/Project/venv/lib/python3.13/site-packages/django/template/loader.py", line 15, in get_template
    return engine.get_template(template_name)
           ~~~~~~~~~~~~~~~~~~~^^^^^^^^^^^^^^^
  File "/Users/yukta/Desktop/Project/venv/lib/python3.13/site-packages/django/template/backends/django.py", line 33, in get_template
    return Template(self.engine.get_template(template_name), self)
                    ~~~~~~~~~~~~~~~~~~~~~~~~^^^^^^^^^^^^^^^
  File "/Users/yukta/Desktop/Project/venv/lib/python3.13/site-packages/django/template/engine.py", line 175, in get_template
    template, origin = self.find_template(template_name)
                       ~~~~~~~~~~~~~~~~~~^^^^^^^^^^^^^^^
  File "/Users/yukta/Desktop/Project/venv/lib/python3.13/site-packages/django/template/engine.py", line 157, in find_template
    template = loader.get_template(name, skip=skip)
  File "/Users/yukta/Desktop/Project/venv/lib/python3.13/site-packages/django/template/loaders/cached.py", line 57, in get_template
    template = super().get_template(template_name, skip)
  File "/Users/yukta/Desktop/Project/venv/lib/python3.13/site-packages/django/template/loaders/base.py", line 28, in get_template
    return Template(
        contents,
    ...<2 lines>...
        self.engine,
    )
  File "/Users/yukta/Desktop/Project/venv/lib/python3.13/site-packages/django/template/base.py", line 154, in __init__
    self.nodelist = self.compile_nodelist()
                    ~~~~~~~~~~~~~~~~~~~~~^^
  File "/Users/yukta/Desktop/Project/venv/lib/python3.13/site-packages/django/template/base.py", line 200, in compile_nodelist
    return parser.parse()
           ~~~~~~~~~~~~^^
  File "/Users/yukta/Desktop/Project/venv/lib/python3.13/site-packages/django/template/base.py", line 513, in parse
    raise self.error(token, e)
  File "/Users/yukta/Desktop/Project/venv/lib/python3.13/site-packages/django/template/base.py", line 511, in parse
    compiled_result = compile_func(self, token)
  File "/Users/yukta/Desktop/Project/venv/lib/python3.13/site-packages/django/template/loader_tags.py", line 293, in do_extends
    nodelist = parser.parse()
  File "/Users/yukta/Desktop/Project/venv/lib/python3.13/site-packages/django/template/base.py", line 513, in parse
    raise self.error(token, e)
  File "/Users/yukta/Desktop/Project/venv/lib/python3.13/site-packages/django/template/base.py", line 511, in parse
    compiled_result = compile_func(self, token)
  File "/Users/yukta/Desktop/Project/venv/lib/python3.13/site-packages/django/template/loader_tags.py", line 232, in do_block
    nodelist = parser.parse(("endblock",))
  File "/Users/yukta/Desktop/Project/venv/lib/python3.13/site-packages/django/template/base.py", line 518, in parse
    self.unclosed_block_tag(parse_until)
    ~~~~~~~~~~~~~~~~~~~~~~~^^^^^^^^^^^^^
  File "/Users/yukta/Desktop/Project/venv/lib/python3.13/site-packages/django/template/base.py", line 581, in unclosed_block_tag
    raise self.error(token, msg)
django.template.exceptions.TemplateSyntaxError: Unclosed tag on line 583: 'block'. Looking for one of: endblock.
Internal Server Error: /khalti/payment/
Traceback (most recent call last):
  File "/Users/yukta/Desktop/Project/venv/lib/python3.13/site-packages/django/core/handlers/exception.py", line 55, in inner
    response = get_response(request)
  File "/Users/yukta/Desktop/Project/venv/lib/python3.13/site-packages/django/core/handlers/base.py", line 197, in _get_response
    response = wrapped_callback(request, *callback_args, **callback_kwargs)
  File "/Users/yukta/Desktop/Project/venv/lib/python3.13/site-packages/django/contrib/auth/decorators.py", line 23, in _wrapper_view
    return view_func(request, *args, **kwargs)
  File "/Users/yukta/Desktop/Project/ecommerceapp/views.py", line 420, in khalti_payment
    return render(request, 'khalti_payment.html', context)
  File "/Users/yukta/Desktop/Project/venv/lib/python3.13/site-packages/django/shortcuts.py", line 24, in render
    content = loader.render_to_string(template_name, context, request, using=using)
  File "/Users/yukta/Desktop/Project/venv/lib/python3.13/site-packages/django/template/loader.py", line 61, in render_to_string
    template = get_template(template_name, using=using)
  File "/Users/yukta/Desktop/Project/venv/lib/python3.13/site-packages/django/template/loader.py", line 15, in get_template
    return engine.get_template(template_name)
           ~~~~~~~~~~~~~~~~~~~^^^^^^^^^^^^^^^
  File "/Users/yukta/Desktop/Project/venv/lib/python3.13/site-packages/django/template/backends/django.py", line 33, in get_template
    return Template(self.engine.get_template(template_name), self)
                    ~~~~~~~~~~~~~~~~~~~~~~~~^^^^^^^^^^^^^^^
  File "/Users/yukta/Desktop/Project/venv/lib/python3.13/site-packages/django/template/engine.py", line 175, in get_template
    template, origin = self.find_template(template_name)
                       ~~~~~~~~~~~~~~~~~~^^^^^^^^^^^^^^^
  File "/Users/yukta/Desktop/Project/venv/lib/python3.13/site-packages/django/template/engine.py", line 157, in find_template
    template = loader.get_template(name, skip=skip)
  File "/Users/yukta/Desktop/Project/venv/lib/python3.13/site-packages/django/template/loaders/cached.py", line 57, in get_template
    template = super().get_template(template_name, skip)
  File "/Users/yukta/Desktop/Project/venv/lib/python3.13/site-packages/django/template/loaders/base.py", line 28, in get_template
    return Template(
        contents,
    ...<2 lines>...
        self.engine,
    )
  File "/Users/yukta/Desktop/Project/venv/lib/python3.13/site-packages/django/template/base.py", line 154, in __init__
    self.nodelist = self.compile_nodelist()
                    ~~~~~~~~~~~~~~~~~~~~~^^
  File "/Users/yukta/Desktop/Project/venv/lib/python3.13/site-packages/django/template/base.py", line 200, in compile_nodelist
    return parser.parse()
           ~~~~~~~~~~~~^^
  File "/Users/yukta/Desktop/Project/venv/lib/python3.13/site-packages/django/template/base.py", line 513, in parse
    raise self.error(token, e)
  File "/Users/yukta/Desktop/Project/venv/lib/python3.13/site-packages/django/template/base.py", line 511, in parse
    compiled_result = compile_func(self, token)
  File "/Users/yukta/Desktop/Project/venv/lib/python3.13/site-packages/django/template/loader_tags.py", line 293, in do_extends
    nodelist = parser.parse()
  File "/Users/yukta/Desktop/Project/venv/lib/python3.13/site-packages/django/template/base.py", line 513, in parse
    raise self.error(token, e)
  File "/Users/yukta/Desktop/Project/venv/lib/python3.13/site-packages/django/template/base.py", line 511, in parse
    compiled_result = compile_func(self, token)
  File "/Users/yukta/Desktop/Project/venv/lib/python3.13/site-packages/django/template/loader_tags.py", line 232, in do_block
    nodelist = parser.parse(("endblock",))
  File "/Users/yukta/Desktop/Project/venv/lib/python3.13/site-packages/django/template/base.py", line 518, in parse
    self.unclosed_block_tag(parse_until)
    ~~~~~~~~~~~~~~~~~~~~~~~^^^^^^^^^^^^^
  File "/Users/yukta/Desktop/Project/venv/lib/python3.13/site-packages/django/template/base.py", line 581, in unclosed_block_tag
    raise self.error(token, msg)
django.template.exceptions.TemplateSyntaxError: Unclosed tag on line 583: 'block'. Looking for one of: endblock.
"GET /khalti/payment/?order_id=ORD-27373C6B HTTP/1.1" 500 173803
"GET /khalti/payment/?order_id=ORD-27373C6B HTTP/1.1" 500 173803
"GET /khalti/payment/?order_id=ORD-27373C6B HTTP/1.1" 200 29201
"GET /khalti/payment/?order_id=ORD-27373C6B HTTP/1.1" 200 29201
Internal Server Error: /khalti/payment/
Traceback (most recent call last):
  File "/Users/yukta/Desktop/Project/venv/lib/python3.13/site-packages/django/core/handlers/exception.py", line 55, in inner
    response = get_response(request)
  File "/Users/yukta/Desktop/Project/venv/lib/python3.13/site-packages/django/core/handlers/base.py", line 197, in _get_response
    response = wrapped_callback(request, *callback_args, **callback_kwargs)
  File "/Users/yukta/Desktop/Project/venv/lib/python3.13/site-packages/django/contrib/auth/decorators.py", line 23, in _wrapper_view
    return view_func(request, *args, **kwargs)
  File "/Users/yukta/Desktop/Project/ecommerceapp/views.py", line 420, in khalti_payment
    return render(request, 'khalti_payment.html', context)
  File "/Users/yukta/Desktop/Project/venv/lib/python3.13/site-packages/django/shortcuts.py", line 24, in render
    content = loader.render_to_string(template_name, context, request, using=using)
  File "/Users/yukta/Desktop/Project/venv/lib/python3.13/site-packages/django/template/loader.py", line 62, in render_to_string
    return template.render(context, request)
           ~~~~~~~~~~~~~~~^^^^^^^^^^^^^^^^^^
  File "/Users/yukta/Desktop/Project/venv/lib/python3.13/site-packages/django/template/backends/django.py", line 61, in render
    return self.template.render(context)
           ~~~~~~~~~~~~~~~~~~~~^^^^^^^^^
  File "/Users/yukta/Desktop/Project/venv/lib/python3.13/site-packages/django/template/base.py", line 175, in render
    return self._render(context)
           ~~~~~~~~~~~~^^^^^^^^^
  File "/Users/yukta/Desktop/Project/venv/lib/python3.13/site-packages/django/template/base.py", line 167, in _render
    return self.nodelist.render(context)
           ~~~~~~~~~~~~~~~~~~~~^^^^^^^^^
  File "/Users/yukta/Desktop/Project/venv/lib/python3.13/site-packages/django/template/base.py", line 1005, in render
    return SafeString("".join([node.render_annotated(context) for node in self]))
                               ~~~~~~~~~~~~~~~~~~~~~^^^^^^^^^
  File "/Users/yukta/Desktop/Project/venv/lib/python3.13/site-packages/django/template/base.py", line 966, in render_annotated
    return self.render(context)
           ~~~~~~~~~~~^^^^^^^^^
  File "/Users/yukta/Desktop/Project/venv/lib/python3.13/site-packages/django/template/loader_tags.py", line 157, in render
    return compiled_parent._render(context)
           ~~~~~~~~~~~~~~~~~~~~~~~^^^^^^^^^
  File "/Users/yukta/Desktop/Project/venv/lib/python3.13/site-packages/django/template/base.py", line 167, in _render
    return self.nodelist.render(context)
           ~~~~~~~~~~~~~~~~~~~~^^^^^^^^^
  File "/Users/yukta/Desktop/Project/venv/lib/python3.13/site-packages/django/template/base.py", line 1005, in render
    return SafeString("".join([node.render_annotated(context) for node in self]))
                               ~~~~~~~~~~~~~~~~~~~~~^^^^^^^^^
  File "/Users/yukta/Desktop/Project/venv/lib/python3.13/site-packages/django/template/base.py", line 966, in render_annotated
    return self.render(context)
           ~~~~~~~~~~~^^^^^^^^^
  File "/Users/yukta/Desktop/Project/venv/lib/python3.13/site-packages/django/template/loader_tags.py", line 63, in render
    result = block.nodelist.render(context)
  File "/Users/yukta/Desktop/Project/venv/lib/python3.13/site-packages/django/template/base.py", line 1005, in render
    return SafeString("".join([node.render_annotated(context) for node in self]))
                               ~~~~~~~~~~~~~~~~~~~~~^^^^^^^^^
  File "/Users/yukta/Desktop/Project/venv/lib/python3.13/site-packages/django/template/base.py", line 966, in render_annotated
    return self.render(context)
           ~~~~~~~~~~~^^^^^^^^^
  File "/Users/yukta/Desktop/Project/venv/lib/python3.13/site-packages/django/template/defaulttags.py", line 471, in render
    url = reverse(view_name, args=args, kwargs=kwargs, current_app=current_app)
  File "/Users/yukta/Desktop/Project/venv/lib/python3.13/site-packages/django/urls/base.py", line 88, in reverse
    return resolver._reverse_with_prefix(view, prefix, *args, **kwargs)
           ~~~~~~~~~~~~~~~~~~~~~~~~~~~~~^^^^^^^^^^^^^^^^^^^^^^^^^^^^^^^
  File "/Users/yukta/Desktop/Project/venv/lib/python3.13/site-packages/django/urls/resolvers.py", line 828, in _reverse_with_prefix
    raise NoReverseMatch(msg)
django.urls.exceptions.NoReverseMatch: Reverse for 'verify_khalti_payment' not found. 'verify_khalti_payment' is not a valid view function or pattern name.
Internal Server Error: /khalti/payment/
Traceback (most recent call last):
  File "/Users/yukta/Desktop/Project/venv/lib/python3.13/site-packages/django/core/handlers/exception.py", line 55, in inner
    response = get_response(request)
  File "/Users/yukta/Desktop/Project/venv/lib/python3.13/site-packages/django/core/handlers/base.py", line 197, in _get_response
    response = wrapped_callback(request, *callback_args, **callback_kwargs)
  File "/Users/yukta/Desktop/Project/venv/lib/python3.13/site-packages/django/contrib/auth/decorators.py", line 23, in _wrapper_view
    return view_func(request, *args, **kwargs)
  File "/Users/yukta/Desktop/Project/ecommerceapp/views.py", line 420, in khalti_payment
    return render(request, 'khalti_payment.html', context)
  File "/Users/yukta/Desktop/Project/venv/lib/python3.13/site-packages/django/shortcuts.py", line 24, in render
    content = loader.render_to_string(template_name, context, request, using=using)
  File "/Users/yukta/Desktop/Project/venv/lib/python3.13/site-packages/django/template/loader.py", line 62, in render_to_string
    return template.render(context, request)
           ~~~~~~~~~~~~~~~^^^^^^^^^^^^^^^^^^
  File "/Users/yukta/Desktop/Project/venv/lib/python3.13/site-packages/django/template/backends/django.py", line 61, in render
    return self.template.render(context)
           ~~~~~~~~~~~~~~~~~~~~^^^^^^^^^
  File "/Users/yukta/Desktop/Project/venv/lib/python3.13/site-packages/django/template/base.py", line 175, in render
    return self._render(context)
           ~~~~~~~~~~~~^^^^^^^^^
  File "/Users/yukta/Desktop/Project/venv/lib/python3.13/site-packages/django/template/base.py", line 167, in _render
    return self.nodelist.render(context)
           ~~~~~~~~~~~~~~~~~~~~^^^^^^^^^
  File "/Users/yukta/Desktop/Project/venv/lib/python3.13/site-packages/django/template/base.py", line 1005, in render
    return SafeString("".join([node.render_annotated(context) for node in self]))
                               ~~~~~~~~~~~~~~~~~~~~~^^^^^^^^^
  File "/Users/yukta/Desktop/Project/venv/lib/python3.13/site-packages/django/template/base.py", line 966, in render_annotated
    return self.render(context)
           ~~~~~~~~~~~^^^^^^^^^
  File "/Users/yukta/Desktop/Project/venv/lib/python3.13/site-packages/django/template/loader_tags.py", line 157, in render
    return compiled_parent._render(context)
           ~~~~~~~~~~~~~~~~~~~~~~~^^^^^^^^^
  File "/Users/yukta/Desktop/Project/venv/lib/python3.13/site-packages/django/template/base.py", line 167, in _render
    return self.nodelist.render(context)
           ~~~~~~~~~~~~~~~~~~~~^^^^^^^^^
  File "/Users/yukta/Desktop/Project/venv/lib/python3.13/site-packages/django/template/base.py", line 1005, in render
    return SafeString("".join([node.render_annotated(context) for node in self]))
                               ~~~~~~~~~~~~~~~~~~~~~^^^^^^^^^
  File "/Users/yukta/Desktop/Project/venv/lib/python3.13/site-packages/django/template/base.py", line 966, in render_annotated
    return self.render(context)
           ~~~~~~~~~~~^^^^^^^^^
  File "/Users/yukta/Desktop/Project/venv/lib/python3.13/site-packages/django/template/loader_tags.py", line 63, in render
    result = block.nodelist.render(context)
  File "/Users/yukta/Desktop/Project/venv/lib/python3.13/site-packages/django/template/base.py", line 1005, in render
    return SafeString("".join([node.render_annotated(context) for node in self]))
                               ~~~~~~~~~~~~~~~~~~~~~^^^^^^^^^
  File "/Users/yukta/Desktop/Project/venv/lib/python3.13/site-packages/django/template/base.py", line 966, in render_annotated
    return self.render(context)
           ~~~~~~~~~~~^^^^^^^^^
  File "/Users/yukta/Desktop/Project/venv/lib/python3.13/site-packages/django/template/defaulttags.py", line 471, in render
    url = reverse(view_name, args=args, kwargs=kwargs, current_app=current_app)
  File "/Users/yukta/Desktop/Project/venv/lib/python3.13/site-packages/django/urls/base.py", line 88, in reverse
    return resolver._reverse_with_prefix(view, prefix, *args, **kwargs)
           ~~~~~~~~~~~~~~~~~~~~~~~~~~~~~^^^^^^^^^^^^^^^^^^^^^^^^^^^^^^^
  File "/Users/yukta/Desktop/Project/venv/lib/python3.13/site-packages/django/urls/resolvers.py", line 828, in _reverse_with_prefix
    raise NoReverseMatch(msg)
django.urls.exceptions.NoReverseMatch: Reverse for 'verify_khalti_payment' not found. 'verify_khalti_payment' is not a valid view function or pattern name.
"GET /khalti/payment/?order_id=ORD-27373C6B HTTP/1.1" 500 166645
"GET /khalti/payment/?order_id=ORD-27373C6B HTTP/1.1" 500 166645
/Users/yukta/Desktop/Project/ecommerceapp/urls.py changed, reloading.
/Users/yukta/Desktop/Project/ecommerceapp/urls.py changed, reloading.
Watching for file changes with StatReloader
Watching for file changes with StatReloader
Internal Server Error: /khalti/payment/
Traceback (most recent call last):
  File "/Users/yukta/Desktop/Project/venv/lib/python3.13/site-packages/django/core/handlers/exception.py", line 55, in inner
    response = get_response(request)
  File "/Users/yukta/Desktop/Project/venv/lib/python3.13/site-packages/django/core/handlers/base.py", line 197, in _get_response
    response = wrapped_callback(request, *callback_args, **callback_kwargs)
  File "/Users/yukta/Desktop/Project/venv/lib/python3.13/site-packages/django/contrib/auth/decorators.py", line 23, in _wrapper_view
    return view_func(request, *args, **kwargs)
  File "/Users/yukta/Desktop/Project/ecommerceapp/views.py", line 420, in khalti_payment
    return render(request, 'khalti_payment.html', context)
  File "/Users/yukta/Desktop/Project/venv/lib/python3.13/site-packages/django/shortcuts.py", line 24, in render
    content = loader.render_to_string(template_name, context, request, using=using)
  File "/Users/yukta/Desktop/Project/venv/lib/python3.13/site-packages/django/template/loader.py", line 62, in render_to_string
    return template.render(context, request)
           ~~~~~~~~~~~~~~~^^^^^^^^^^^^^^^^^^
  File "/Users/yukta/Desktop/Project/venv/lib/python3.13/site-packages/django/template/backends/django.py", line 61, in render
    return self.template.render(context)
           ~~~~~~~~~~~~~~~~~~~~^^^^^^^^^
  File "/Users/yukta/Desktop/Project/venv/lib/python3.13/site-packages/django/template/base.py", line 175, in render
    return self._render(context)
           ~~~~~~~~~~~~^^^^^^^^^
  File "/Users/yukta/Desktop/Project/venv/lib/python3.13/site-packages/django/template/base.py", line 167, in _render
    return self.nodelist.render(context)
           ~~~~~~~~~~~~~~~~~~~~^^^^^^^^^
  File "/Users/yukta/Desktop/Project/venv/lib/python3.13/site-packages/django/template/base.py", line 1005, in render
    return SafeString("".join([node.render_annotated(context) for node in self]))
                               ~~~~~~~~~~~~~~~~~~~~~^^^^^^^^^
  File "/Users/yukta/Desktop/Project/venv/lib/python3.13/site-packages/django/template/base.py", line 966, in render_annotated
    return self.render(context)
           ~~~~~~~~~~~^^^^^^^^^
  File "/Users/yukta/Desktop/Project/venv/lib/python3.13/site-packages/django/template/loader_tags.py", line 157, in render
    return compiled_parent._render(context)
           ~~~~~~~~~~~~~~~~~~~~~~~^^^^^^^^^
  File "/Users/yukta/Desktop/Project/venv/lib/python3.13/site-packages/django/template/base.py", line 167, in _render
    return self.nodelist.render(context)
           ~~~~~~~~~~~~~~~~~~~~^^^^^^^^^
  File "/Users/yukta/Desktop/Project/venv/lib/python3.13/site-packages/django/template/base.py", line 1005, in render
    return SafeString("".join([node.render_annotated(context) for node in self]))
                               ~~~~~~~~~~~~~~~~~~~~~^^^^^^^^^
  File "/Users/yukta/Desktop/Project/venv/lib/python3.13/site-packages/django/template/base.py", line 966, in render_annotated
    return self.render(context)
           ~~~~~~~~~~~^^^^^^^^^
  File "/Users/yukta/Desktop/Project/venv/lib/python3.13/site-packages/django/template/loader_tags.py", line 63, in render
    result = block.nodelist.render(context)
  File "/Users/yukta/Desktop/Project/venv/lib/python3.13/site-packages/django/template/base.py", line 1005, in render
    return SafeString("".join([node.render_annotated(context) for node in self]))
                               ~~~~~~~~~~~~~~~~~~~~~^^^^^^^^^
  File "/Users/yukta/Desktop/Project/venv/lib/python3.13/site-packages/django/template/base.py", line 966, in render_annotated
    return self.render(context)
           ~~~~~~~~~~~^^^^^^^^^
  File "/Users/yukta/Desktop/Project/venv/lib/python3.13/site-packages/django/template/defaulttags.py", line 471, in render
    url = reverse(view_name, args=args, kwargs=kwargs, current_app=current_app)
  File "/Users/yukta/Desktop/Project/venv/lib/python3.13/site-packages/django/urls/base.py", line 88, in reverse
    return resolver._reverse_with_prefix(view, prefix, *args, **kwargs)
           ~~~~~~~~~~~~~~~~~~~~~~~~~~~~~^^^^^^^^^^^^^^^^^^^^^^^^^^^^^^^
  File "/Users/yukta/Desktop/Project/venv/lib/python3.13/site-packages/django/urls/resolvers.py", line 828, in _reverse_with_prefix
    raise NoReverseMatch(msg)
django.urls.exceptions.NoReverseMatch: Reverse for 'verify_khalti_payment' not found. 'verify_khalti_payment' is not a valid view function or pattern name.
Internal Server Error: /khalti/payment/
Traceback (most recent call last):
  File "/Users/yukta/Desktop/Project/venv/lib/python3.13/site-packages/django/core/handlers/exception.py", line 55, in inner
    response = get_response(request)
  File "/Users/yukta/Desktop/Project/venv/lib/python3.13/site-packages/django/core/handlers/base.py", line 197, in _get_response
    response = wrapped_callback(request, *callback_args, **callback_kwargs)
  File "/Users/yukta/Desktop/Project/venv/lib/python3.13/site-packages/django/contrib/auth/decorators.py", line 23, in _wrapper_view
    return view_func(request, *args, **kwargs)
  File "/Users/yukta/Desktop/Project/ecommerceapp/views.py", line 420, in khalti_payment
    return render(request, 'khalti_payment.html', context)
  File "/Users/yukta/Desktop/Project/venv/lib/python3.13/site-packages/django/shortcuts.py", line 24, in render
    content = loader.render_to_string(template_name, context, request, using=using)
  File "/Users/yukta/Desktop/Project/venv/lib/python3.13/site-packages/django/template/loader.py", line 62, in render_to_string
    return template.render(context, request)
           ~~~~~~~~~~~~~~~^^^^^^^^^^^^^^^^^^
  File "/Users/yukta/Desktop/Project/venv/lib/python3.13/site-packages/django/template/backends/django.py", line 61, in render
    return self.template.render(context)
           ~~~~~~~~~~~~~~~~~~~~^^^^^^^^^
  File "/Users/yukta/Desktop/Project/venv/lib/python3.13/site-packages/django/template/base.py", line 175, in render
    return self._render(context)
           ~~~~~~~~~~~~^^^^^^^^^
  File "/Users/yukta/Desktop/Project/venv/lib/python3.13/site-packages/django/template/base.py", line 167, in _render
    return self.nodelist.render(context)
           ~~~~~~~~~~~~~~~~~~~~^^^^^^^^^
  File "/Users/yukta/Desktop/Project/venv/lib/python3.13/site-packages/django/template/base.py", line 1005, in render
    return SafeString("".join([node.render_annotated(context) for node in self]))
                               ~~~~~~~~~~~~~~~~~~~~~^^^^^^^^^
  File "/Users/yukta/Desktop/Project/venv/lib/python3.13/site-packages/django/template/base.py", line 966, in render_annotated
    return self.render(context)
           ~~~~~~~~~~~^^^^^^^^^
  File "/Users/yukta/Desktop/Project/venv/lib/python3.13/site-packages/django/template/loader_tags.py", line 157, in render
    return compiled_parent._render(context)
           ~~~~~~~~~~~~~~~~~~~~~~~^^^^^^^^^
  File "/Users/yukta/Desktop/Project/venv/lib/python3.13/site-packages/django/template/base.py", line 167, in _render
    return self.nodelist.render(context)
           ~~~~~~~~~~~~~~~~~~~~^^^^^^^^^
  File "/Users/yukta/Desktop/Project/venv/lib/python3.13/site-packages/django/template/base.py", line 1005, in render
    return SafeString("".join([node.render_annotated(context) for node in self]))
                               ~~~~~~~~~~~~~~~~~~~~~^^^^^^^^^
  File "/Users/yukta/Desktop/Project/venv/lib/python3.13/site-packages/django/template/base.py", line 966, in render_annotated
    return self.render(context)
           ~~~~~~~~~~~^^^^^^^^^
  File "/Users/yukta/Desktop/Project/venv/lib/python3.13/site-packages/django/template/loader_tags.py", line 63, in render
    result = block.nodelist.render(context)
  File "/Users/yukta/Desktop/Project/venv/lib/python3.13/site-packages/django/template/base.py", line 1005, in render
    return SafeString("".join([node.render_annotated(context) for node in self]))
                               ~~~~~~~~~~~~~~~~~~~~~^^^^^^^^^
  File "/Users/yukta/Desktop/Project/venv/lib/python3.13/site-packages/django/template/base.py", line 966, in render_annotated
    return self.render(context)
           ~~~~~~~~~~~^^^^^^^^^
  File "/Users/yukta/Desktop/Project/venv/lib/python3.13/site-packages/django/template/defaulttags.py", line 471, in render
    url = reverse(view_name, args=args, kwargs=kwargs, current_app=current_app)
  File "/Users/yukta/Desktop/Project/venv/lib/python3.13/site-packages/django/urls/base.py", line 88, in reverse
    return resolver._reverse_with_prefix(view, prefix, *args, **kwargs)
           ~~~~~~~~~~~~~~~~~~~~~~~~~~~~~^^^^^^^^^^^^^^^^^^^^^^^^^^^^^^^
  File "/Users/yukta/Desktop/Project/venv/lib/python3.13/site-packages/django/urls/resolvers.py", line 828, in _reverse_with_prefix
    raise NoReverseMatch(msg)
django.urls.exceptions.NoReverseMatch: Reverse for 'verify_khalti_payment' not found. 'verify_khalti_payment' is not a valid view function or pattern name.
"GET /khalti/payment/?order_id=ORD-27373C6B HTTP/1.1" 500 166645
"GET /khalti/payment/?order_id=ORD-27373C6B HTTP/1.1" 500 166645
Internal Server Error: /khalti/payment/
Traceback (most recent call last):
  File "/Users/yukta/Desktop/Project/venv/lib/python3.13/site-packages/django/core/handlers/exception.py", line 55, in inner
    response = get_response(request)
  File "/Users/yukta/Desktop/Project/venv/lib/python3.13/site-packages/django/core/handlers/base.py", line 197, in _get_response
    response = wrapped_callback(request, *callback_args, **callback_kwargs)
  File "/Users/yukta/Desktop/Project/venv/lib/python3.13/site-packages/django/contrib/auth/decorators.py", line 23, in _wrapper_view
    return view_func(request, *args, **kwargs)
  File "/Users/yukta/Desktop/Project/ecommerceapp/views.py", line 420, in khalti_payment
    return render(request, 'khalti_payment.html', context)
  File "/Users/yukta/Desktop/Project/venv/lib/python3.13/site-packages/django/shortcuts.py", line 24, in render
    content = loader.render_to_string(template_name, context, request, using=using)
  File "/Users/yukta/Desktop/Project/venv/lib/python3.13/site-packages/django/template/loader.py", line 62, in render_to_string
    return template.render(context, request)
           ~~~~~~~~~~~~~~~^^^^^^^^^^^^^^^^^^
  File "/Users/yukta/Desktop/Project/venv/lib/python3.13/site-packages/django/template/backends/django.py", line 61, in render
    return self.template.render(context)
           ~~~~~~~~~~~~~~~~~~~~^^^^^^^^^
  File "/Users/yukta/Desktop/Project/venv/lib/python3.13/site-packages/django/template/base.py", line 175, in render
    return self._render(context)
           ~~~~~~~~~~~~^^^^^^^^^
  File "/Users/yukta/Desktop/Project/venv/lib/python3.13/site-packages/django/template/base.py", line 167, in _render
    return self.nodelist.render(context)
           ~~~~~~~~~~~~~~~~~~~~^^^^^^^^^
  File "/Users/yukta/Desktop/Project/venv/lib/python3.13/site-packages/django/template/base.py", line 1005, in render
    return SafeString("".join([node.render_annotated(context) for node in self]))
                               ~~~~~~~~~~~~~~~~~~~~~^^^^^^^^^
  File "/Users/yukta/Desktop/Project/venv/lib/python3.13/site-packages/django/template/base.py", line 966, in render_annotated
    return self.render(context)
           ~~~~~~~~~~~^^^^^^^^^
  File "/Users/yukta/Desktop/Project/venv/lib/python3.13/site-packages/django/template/loader_tags.py", line 157, in render
    return compiled_parent._render(context)
           ~~~~~~~~~~~~~~~~~~~~~~~^^^^^^^^^
  File "/Users/yukta/Desktop/Project/venv/lib/python3.13/site-packages/django/template/base.py", line 167, in _render
    return self.nodelist.render(context)
           ~~~~~~~~~~~~~~~~~~~~^^^^^^^^^
  File "/Users/yukta/Desktop/Project/venv/lib/python3.13/site-packages/django/template/base.py", line 1005, in render
    return SafeString("".join([node.render_annotated(context) for node in self]))
                               ~~~~~~~~~~~~~~~~~~~~~^^^^^^^^^
  File "/Users/yukta/Desktop/Project/venv/lib/python3.13/site-packages/django/template/base.py", line 966, in render_annotated
    return self.render(context)
           ~~~~~~~~~~~^^^^^^^^^
  File "/Users/yukta/Desktop/Project/venv/lib/python3.13/site-packages/django/template/loader_tags.py", line 63, in render
    result = block.nodelist.render(context)
  File "/Users/yukta/Desktop/Project/venv/lib/python3.13/site-packages/django/template/base.py", line 1005, in render
    return SafeString("".join([node.render_annotated(context) for node in self]))
                               ~~~~~~~~~~~~~~~~~~~~~^^^^^^^^^
  File "/Users/yukta/Desktop/Project/venv/lib/python3.13/site-packages/django/template/base.py", line 966, in render_annotated
    return self.render(context)
           ~~~~~~~~~~~^^^^^^^^^
  File "/Users/yukta/Desktop/Project/venv/lib/python3.13/site-packages/django/template/defaulttags.py", line 471, in render
    url = reverse(view_name, args=args, kwargs=kwargs, current_app=current_app)
  File "/Users/yukta/Desktop/Project/venv/lib/python3.13/site-packages/django/urls/base.py", line 88, in reverse
    return resolver._reverse_with_prefix(view, prefix, *args, **kwargs)
           ~~~~~~~~~~~~~~~~~~~~~~~~~~~~~^^^^^^^^^^^^^^^^^^^^^^^^^^^^^^^
  File "/Users/yukta/Desktop/Project/venv/lib/python3.13/site-packages/django/urls/resolvers.py", line 828, in _reverse_with_prefix
    raise NoReverseMatch(msg)
django.urls.exceptions.NoReverseMatch: Reverse for 'verify_khalti_payment' not found. 'verify_khalti_payment' is not a valid view function or pattern name.
Internal Server Error: /khalti/payment/
Traceback (most recent call last):
  File "/Users/yukta/Desktop/Project/venv/lib/python3.13/site-packages/django/core/handlers/exception.py", line 55, in inner
    response = get_response(request)
  File "/Users/yukta/Desktop/Project/venv/lib/python3.13/site-packages/django/core/handlers/base.py", line 197, in _get_response
    response = wrapped_callback(request, *callback_args, **callback_kwargs)
  File "/Users/yukta/Desktop/Project/venv/lib/python3.13/site-packages/django/contrib/auth/decorators.py", line 23, in _wrapper_view
    return view_func(request, *args, **kwargs)
  File "/Users/yukta/Desktop/Project/ecommerceapp/views.py", line 420, in khalti_payment
    return render(request, 'khalti_payment.html', context)
  File "/Users/yukta/Desktop/Project/venv/lib/python3.13/site-packages/django/shortcuts.py", line 24, in render
    content = loader.render_to_string(template_name, context, request, using=using)
  File "/Users/yukta/Desktop/Project/venv/lib/python3.13/site-packages/django/template/loader.py", line 62, in render_to_string
    return template.render(context, request)
           ~~~~~~~~~~~~~~~^^^^^^^^^^^^^^^^^^
  File "/Users/yukta/Desktop/Project/venv/lib/python3.13/site-packages/django/template/backends/django.py", line 61, in render
    return self.template.render(context)
           ~~~~~~~~~~~~~~~~~~~~^^^^^^^^^
  File "/Users/yukta/Desktop/Project/venv/lib/python3.13/site-packages/django/template/base.py", line 175, in render
    return self._render(context)
           ~~~~~~~~~~~~^^^^^^^^^
  File "/Users/yukta/Desktop/Project/venv/lib/python3.13/site-packages/django/template/base.py", line 167, in _render
    return self.nodelist.render(context)
           ~~~~~~~~~~~~~~~~~~~~^^^^^^^^^
  File "/Users/yukta/Desktop/Project/venv/lib/python3.13/site-packages/django/template/base.py", line 1005, in render
    return SafeString("".join([node.render_annotated(context) for node in self]))
                               ~~~~~~~~~~~~~~~~~~~~~^^^^^^^^^
  File "/Users/yukta/Desktop/Project/venv/lib/python3.13/site-packages/django/template/base.py", line 966, in render_annotated
    return self.render(context)
           ~~~~~~~~~~~^^^^^^^^^
  File "/Users/yukta/Desktop/Project/venv/lib/python3.13/site-packages/django/template/loader_tags.py", line 157, in render
    return compiled_parent._render(context)
           ~~~~~~~~~~~~~~~~~~~~~~~^^^^^^^^^
  File "/Users/yukta/Desktop/Project/venv/lib/python3.13/site-packages/django/template/base.py", line 167, in _render
    return self.nodelist.render(context)
           ~~~~~~~~~~~~~~~~~~~~^^^^^^^^^
  File "/Users/yukta/Desktop/Project/venv/lib/python3.13/site-packages/django/template/base.py", line 1005, in render
    return SafeString("".join([node.render_annotated(context) for node in self]))
                               ~~~~~~~~~~~~~~~~~~~~~^^^^^^^^^
  File "/Users/yukta/Desktop/Project/venv/lib/python3.13/site-packages/django/template/base.py", line 966, in render_annotated
    return self.render(context)
           ~~~~~~~~~~~^^^^^^^^^
  File "/Users/yukta/Desktop/Project/venv/lib/python3.13/site-packages/django/template/loader_tags.py", line 63, in render
    result = block.nodelist.render(context)
  File "/Users/yukta/Desktop/Project/venv/lib/python3.13/site-packages/django/template/base.py", line 1005, in render
    return SafeString("".join([node.render_annotated(context) for node in self]))
                               ~~~~~~~~~~~~~~~~~~~~~^^^^^^^^^
  File "/Users/yukta/Desktop/Project/venv/lib/python3.13/site-packages/django/template/base.py", line 966, in render_annotated
    return self.render(context)
           ~~~~~~~~~~~^^^^^^^^^
  File "/Users/yukta/Desktop/Project/venv/lib/python3.13/site-packages/django/template/defaulttags.py", line 471, in render
    url = reverse(view_name, args=args, kwargs=kwargs, current_app=current_app)
  File "/Users/yukta/Desktop/Project/venv/lib/python3.13/site-packages/django/urls/base.py", line 88, in reverse
    return resolver._reverse_with_prefix(view, prefix, *args, **kwargs)
           ~~~~~~~~~~~~~~~~~~~~~~~~~~~~~^^^^^^^^^^^^^^^^^^^^^^^^^^^^^^^
  File "/Users/yukta/Desktop/Project/venv/lib/python3.13/site-packages/django/urls/resolvers.py", line 828, in _reverse_with_prefix
    raise NoReverseMatch(msg)
django.urls.exceptions.NoReverseMatch: Reverse for 'verify_khalti_payment' not found. 'verify_khalti_payment' is not a valid view function or pattern name.
"GET /khalti/payment/?order_id=ORD-27373C6B HTTP/1.1" 500 166645
"GET /khalti/payment/?order_id=ORD-27373C6B HTTP/1.1" 500 166645
Watching for file changes with StatReloader
Watching for file changes with StatReloader
"GET / HTTP/1.1" 200 130696
"GET / HTTP/1.1" 200 130696
"GET /checkout/ HTTP/1.1" 200 40065
"GET /checkout/ HTTP/1.1" 200 40065
"GET / HTTP/1.1" 200 130696
"GET / HTTP/1.1" 200 130696
"GET /checkout/ HTTP/1.1" 200 40065
"GET /checkout/ HTTP/1.1" 200 40065
"POST /checkout/ HTTP/1.1" 200 39182
"POST /checkout/ HTTP/1.1" 200 39182
Internal Server Error: /khalti/payment/
Traceback (most recent call last):
  File "/Users/yukta/Desktop/Project/venv/lib/python3.13/site-packages/django/core/handlers/exception.py", line 55, in inner
    response = get_response(request)
  File "/Users/yukta/Desktop/Project/venv/lib/python3.13/site-packages/django/core/handlers/base.py", line 197, in _get_response
    response = wrapped_callback(request, *callback_args, **callback_kwargs)
  File "/Users/yukta/Desktop/Project/venv/lib/python3.13/site-packages/django/contrib/auth/decorators.py", line 23, in _wrapper_view
    return view_func(request, *args, **kwargs)
  File "/Users/yukta/Desktop/Project/ecommerceapp/views.py", line 420, in khalti_payment
    return render(request, 'khalti_payment.html', context)
  File "/Users/yukta/Desktop/Project/venv/lib/python3.13/site-packages/django/shortcuts.py", line 24, in render
    content = loader.render_to_string(template_name, context, request, using=using)
  File "/Users/yukta/Desktop/Project/venv/lib/python3.13/site-packages/django/template/loader.py", line 62, in render_to_string
    return template.render(context, request)
           ~~~~~~~~~~~~~~~^^^^^^^^^^^^^^^^^^
  File "/Users/yukta/Desktop/Project/venv/lib/python3.13/site-packages/django/template/backends/django.py", line 61, in render
    return self.template.render(context)
           ~~~~~~~~~~~~~~~~~~~~^^^^^^^^^
  File "/Users/yukta/Desktop/Project/venv/lib/python3.13/site-packages/django/template/base.py", line 175, in render
    return self._render(context)
           ~~~~~~~~~~~~^^^^^^^^^
  File "/Users/yukta/Desktop/Project/venv/lib/python3.13/site-packages/django/template/base.py", line 167, in _render
    return self.nodelist.render(context)
           ~~~~~~~~~~~~~~~~~~~~^^^^^^^^^
  File "/Users/yukta/Desktop/Project/venv/lib/python3.13/site-packages/django/template/base.py", line 1005, in render
    return SafeString("".join([node.render_annotated(context) for node in self]))
                               ~~~~~~~~~~~~~~~~~~~~~^^^^^^^^^
  File "/Users/yukta/Desktop/Project/venv/lib/python3.13/site-packages/django/template/base.py", line 966, in render_annotated
    return self.render(context)
           ~~~~~~~~~~~^^^^^^^^^
  File "/Users/yukta/Desktop/Project/venv/lib/python3.13/site-packages/django/template/loader_tags.py", line 157, in render
    return compiled_parent._render(context)
           ~~~~~~~~~~~~~~~~~~~~~~~^^^^^^^^^
  File "/Users/yukta/Desktop/Project/venv/lib/python3.13/site-packages/django/template/base.py", line 167, in _render
    return self.nodelist.render(context)
           ~~~~~~~~~~~~~~~~~~~~^^^^^^^^^
  File "/Users/yukta/Desktop/Project/venv/lib/python3.13/site-packages/django/template/base.py", line 1005, in render
    return SafeString("".join([node.render_annotated(context) for node in self]))
                               ~~~~~~~~~~~~~~~~~~~~~^^^^^^^^^
  File "/Users/yukta/Desktop/Project/venv/lib/python3.13/site-packages/django/template/base.py", line 966, in render_annotated
    return self.render(context)
           ~~~~~~~~~~~^^^^^^^^^
  File "/Users/yukta/Desktop/Project/venv/lib/python3.13/site-packages/django/template/loader_tags.py", line 63, in render
    result = block.nodelist.render(context)
  File "/Users/yukta/Desktop/Project/venv/lib/python3.13/site-packages/django/template/base.py", line 1005, in render
    return SafeString("".join([node.render_annotated(context) for node in self]))
                               ~~~~~~~~~~~~~~~~~~~~~^^^^^^^^^
  File "/Users/yukta/Desktop/Project/venv/lib/python3.13/site-packages/django/template/base.py", line 966, in render_annotated
    return self.render(context)
           ~~~~~~~~~~~^^^^^^^^^
  File "/Users/yukta/Desktop/Project/venv/lib/python3.13/site-packages/django/template/defaulttags.py", line 471, in render
    url = reverse(view_name, args=args, kwargs=kwargs, current_app=current_app)
  File "/Users/yukta/Desktop/Project/venv/lib/python3.13/site-packages/django/urls/base.py", line 88, in reverse
    return resolver._reverse_with_prefix(view, prefix, *args, **kwargs)
           ~~~~~~~~~~~~~~~~~~~~~~~~~~~~~^^^^^^^^^^^^^^^^^^^^^^^^^^^^^^^
  File "/Users/yukta/Desktop/Project/venv/lib/python3.13/site-packages/django/urls/resolvers.py", line 828, in _reverse_with_prefix
    raise NoReverseMatch(msg)
django.urls.exceptions.NoReverseMatch: Reverse for 'verify_khalti_payment' with arguments '('ORD-05700646',)' not found. 1 pattern(s) tried: ['khalti/verify/\\Z']
Internal Server Error: /khalti/payment/
Traceback (most recent call last):
  File "/Users/yukta/Desktop/Project/venv/lib/python3.13/site-packages/django/core/handlers/exception.py", line 55, in inner
    response = get_response(request)
  File "/Users/yukta/Desktop/Project/venv/lib/python3.13/site-packages/django/core/handlers/base.py", line 197, in _get_response
    response = wrapped_callback(request, *callback_args, **callback_kwargs)
  File "/Users/yukta/Desktop/Project/venv/lib/python3.13/site-packages/django/contrib/auth/decorators.py", line 23, in _wrapper_view
    return view_func(request, *args, **kwargs)
  File "/Users/yukta/Desktop/Project/ecommerceapp/views.py", line 420, in khalti_payment
    return render(request, 'khalti_payment.html', context)
  File "/Users/yukta/Desktop/Project/venv/lib/python3.13/site-packages/django/shortcuts.py", line 24, in render
    content = loader.render_to_string(template_name, context, request, using=using)
  File "/Users/yukta/Desktop/Project/venv/lib/python3.13/site-packages/django/template/loader.py", line 62, in render_to_string
    return template.render(context, request)
           ~~~~~~~~~~~~~~~^^^^^^^^^^^^^^^^^^
  File "/Users/yukta/Desktop/Project/venv/lib/python3.13/site-packages/django/template/backends/django.py", line 61, in render
    return self.template.render(context)
           ~~~~~~~~~~~~~~~~~~~~^^^^^^^^^
  File "/Users/yukta/Desktop/Project/venv/lib/python3.13/site-packages/django/template/base.py", line 175, in render
    return self._render(context)
           ~~~~~~~~~~~~^^^^^^^^^
  File "/Users/yukta/Desktop/Project/venv/lib/python3.13/site-packages/django/template/base.py", line 167, in _render
    return self.nodelist.render(context)
           ~~~~~~~~~~~~~~~~~~~~^^^^^^^^^
  File "/Users/yukta/Desktop/Project/venv/lib/python3.13/site-packages/django/template/base.py", line 1005, in render
    return SafeString("".join([node.render_annotated(context) for node in self]))
                               ~~~~~~~~~~~~~~~~~~~~~^^^^^^^^^
  File "/Users/yukta/Desktop/Project/venv/lib/python3.13/site-packages/django/template/base.py", line 966, in render_annotated
    return self.render(context)
           ~~~~~~~~~~~^^^^^^^^^
  File "/Users/yukta/Desktop/Project/venv/lib/python3.13/site-packages/django/template/loader_tags.py", line 157, in render
    return compiled_parent._render(context)
           ~~~~~~~~~~~~~~~~~~~~~~~^^^^^^^^^
  File "/Users/yukta/Desktop/Project/venv/lib/python3.13/site-packages/django/template/base.py", line 167, in _render
    return self.nodelist.render(context)
           ~~~~~~~~~~~~~~~~~~~~^^^^^^^^^
  File "/Users/yukta/Desktop/Project/venv/lib/python3.13/site-packages/django/template/base.py", line 1005, in render
    return SafeString("".join([node.render_annotated(context) for node in self]))
                               ~~~~~~~~~~~~~~~~~~~~~^^^^^^^^^
  File "/Users/yukta/Desktop/Project/venv/lib/python3.13/site-packages/django/template/base.py", line 966, in render_annotated
    return self.render(context)
           ~~~~~~~~~~~^^^^^^^^^
  File "/Users/yukta/Desktop/Project/venv/lib/python3.13/site-packages/django/template/loader_tags.py", line 63, in render
    result = block.nodelist.render(context)
  File "/Users/yukta/Desktop/Project/venv/lib/python3.13/site-packages/django/template/base.py", line 1005, in render
    return SafeString("".join([node.render_annotated(context) for node in self]))
                               ~~~~~~~~~~~~~~~~~~~~~^^^^^^^^^
  File "/Users/yukta/Desktop/Project/venv/lib/python3.13/site-packages/django/template/base.py", line 966, in render_annotated
    return self.render(context)
           ~~~~~~~~~~~^^^^^^^^^
  File "/Users/yukta/Desktop/Project/venv/lib/python3.13/site-packages/django/template/defaulttags.py", line 471, in render
    url = reverse(view_name, args=args, kwargs=kwargs, current_app=current_app)
  File "/Users/yukta/Desktop/Project/venv/lib/python3.13/site-packages/django/urls/base.py", line 88, in reverse
    return resolver._reverse_with_prefix(view, prefix, *args, **kwargs)
           ~~~~~~~~~~~~~~~~~~~~~~~~~~~~~^^^^^^^^^^^^^^^^^^^^^^^^^^^^^^^
  File "/Users/yukta/Desktop/Project/venv/lib/python3.13/site-packages/django/urls/resolvers.py", line 828, in _reverse_with_prefix
    raise NoReverseMatch(msg)
django.urls.exceptions.NoReverseMatch: Reverse for 'verify_khalti_payment' with arguments '('ORD-05700646',)' not found. 1 pattern(s) tried: ['khalti/verify/\\Z']
"GET /khalti/payment/?order_id=ORD-05700646 HTTP/1.1" 500 168052
"GET /khalti/payment/?order_id=ORD-05700646 HTTP/1.1" 500 168052
/Users/yukta/Desktop/Project/ecommerceapp/urls.py changed, reloading.
/Users/yukta/Desktop/Project/ecommerceapp/urls.py changed, reloading.
Watching for file changes with StatReloader
Watching for file changes with StatReloader
/Users/yukta/Desktop/Project/ecommerceapp/urls.py changed, reloading.
/Users/yukta/Desktop/Project/ecommerceapp/urls.py changed, reloading.
Watching for file changes with StatReloader
Watching for file changes with StatReloader
/Users/yukta/Desktop/Project/ecommerceapp/urls.py changed, reloading.
/Users/yukta/Desktop/Project/ecommerceapp/urls.py changed, reloading.
Watching for file changes with StatReloader
Watching for file changes with StatReloader
"GET /khalti/payment/?order_id=ORD-05700646 HTTP/1.1" 200 27397
"GET /khalti/payment/?order_id=ORD-05700646 HTTP/1.1" 200 27397
"GET /khalti/payment/?order_id=ORD-05700646 HTTP/1.1" 200 27397
"GET /khalti/payment/?order_id=ORD-05700646 HTTP/1.1" 200 27397
"GET /khalti/payment/?order_id=ORD-05700646 HTTP/1.1" 200 17719
"GET /khalti/payment/?order_id=ORD-05700646 HTTP/1.1" 200 17719
Internal Server Error: /khalti/payment/
Traceback (most recent call last):
  File "/Users/yukta/Desktop/Project/venv/lib/python3.13/site-packages/django/core/handlers/exception.py", line 55, in inner
    response = get_response(request)
  File "/Users/yukta/Desktop/Project/venv/lib/python3.13/site-packages/django/core/handlers/base.py", line 197, in _get_response
    response = wrapped_callback(request, *callback_args, **callback_kwargs)
  File "/Users/yukta/Desktop/Project/venv/lib/python3.13/site-packages/django/contrib/auth/decorators.py", line 23, in _wrapper_view
    return view_func(request, *args, **kwargs)
  File "/Users/yukta/Desktop/Project/ecommerceapp/views.py", line 420, in khalti_payment
    return render(request, 'khalti_payment.html', context)
  File "/Users/yukta/Desktop/Project/venv/lib/python3.13/site-packages/django/shortcuts.py", line 24, in render
    content = loader.render_to_string(template_name, context, request, using=using)
  File "/Users/yukta/Desktop/Project/venv/lib/python3.13/site-packages/django/template/loader.py", line 62, in render_to_string
    return template.render(context, request)
           ~~~~~~~~~~~~~~~^^^^^^^^^^^^^^^^^^
  File "/Users/yukta/Desktop/Project/venv/lib/python3.13/site-packages/django/template/backends/django.py", line 61, in render
    return self.template.render(context)
           ~~~~~~~~~~~~~~~~~~~~^^^^^^^^^
  File "/Users/yukta/Desktop/Project/venv/lib/python3.13/site-packages/django/template/base.py", line 175, in render
    return self._render(context)
           ~~~~~~~~~~~~^^^^^^^^^
  File "/Users/yukta/Desktop/Project/venv/lib/python3.13/site-packages/django/template/base.py", line 167, in _render
    return self.nodelist.render(context)
           ~~~~~~~~~~~~~~~~~~~~^^^^^^^^^
  File "/Users/yukta/Desktop/Project/venv/lib/python3.13/site-packages/django/template/base.py", line 1005, in render
    return SafeString("".join([node.render_annotated(context) for node in self]))
                               ~~~~~~~~~~~~~~~~~~~~~^^^^^^^^^
  File "/Users/yukta/Desktop/Project/venv/lib/python3.13/site-packages/django/template/base.py", line 966, in render_annotated
    return self.render(context)
           ~~~~~~~~~~~^^^^^^^^^
  File "/Users/yukta/Desktop/Project/venv/lib/python3.13/site-packages/django/template/defaulttags.py", line 471, in render
    url = reverse(view_name, args=args, kwargs=kwargs, current_app=current_app)
  File "/Users/yukta/Desktop/Project/venv/lib/python3.13/site-packages/django/urls/base.py", line 88, in reverse
    return resolver._reverse_with_prefix(view, prefix, *args, **kwargs)
           ~~~~~~~~~~~~~~~~~~~~~~~~~~~~~^^^^^^^^^^^^^^^^^^^^^^^^^^^^^^^
  File "/Users/yukta/Desktop/Project/venv/lib/python3.13/site-packages/django/urls/resolvers.py", line 828, in _reverse_with_prefix
    raise NoReverseMatch(msg)
django.urls.exceptions.NoReverseMatch: Reverse for 'khalti_verify' not found. 'khalti_verify' is not a valid view function or pattern name.
Internal Server Error: /khalti/payment/
Traceback (most recent call last):
  File "/Users/yukta/Desktop/Project/venv/lib/python3.13/site-packages/django/core/handlers/exception.py", line 55, in inner
    response = get_response(request)
  File "/Users/yukta/Desktop/Project/venv/lib/python3.13/site-packages/django/core/handlers/base.py", line 197, in _get_response
    response = wrapped_callback(request, *callback_args, **callback_kwargs)
  File "/Users/yukta/Desktop/Project/venv/lib/python3.13/site-packages/django/contrib/auth/decorators.py", line 23, in _wrapper_view
    return view_func(request, *args, **kwargs)
  File "/Users/yukta/Desktop/Project/ecommerceapp/views.py", line 420, in khalti_payment
    return render(request, 'khalti_payment.html', context)
  File "/Users/yukta/Desktop/Project/venv/lib/python3.13/site-packages/django/shortcuts.py", line 24, in render
    content = loader.render_to_string(template_name, context, request, using=using)
  File "/Users/yukta/Desktop/Project/venv/lib/python3.13/site-packages/django/template/loader.py", line 62, in render_to_string
    return template.render(context, request)
           ~~~~~~~~~~~~~~~^^^^^^^^^^^^^^^^^^
  File "/Users/yukta/Desktop/Project/venv/lib/python3.13/site-packages/django/template/backends/django.py", line 61, in render
    return self.template.render(context)
           ~~~~~~~~~~~~~~~~~~~~^^^^^^^^^
  File "/Users/yukta/Desktop/Project/venv/lib/python3.13/site-packages/django/template/base.py", line 175, in render
    return self._render(context)
           ~~~~~~~~~~~~^^^^^^^^^
  File "/Users/yukta/Desktop/Project/venv/lib/python3.13/site-packages/django/template/base.py", line 167, in _render
    return self.nodelist.render(context)
           ~~~~~~~~~~~~~~~~~~~~^^^^^^^^^
  File "/Users/yukta/Desktop/Project/venv/lib/python3.13/site-packages/django/template/base.py", line 1005, in render
    return SafeString("".join([node.render_annotated(context) for node in self]))
                               ~~~~~~~~~~~~~~~~~~~~~^^^^^^^^^
  File "/Users/yukta/Desktop/Project/venv/lib/python3.13/site-packages/django/template/base.py", line 966, in render_annotated
    return self.render(context)
           ~~~~~~~~~~~^^^^^^^^^
  File "/Users/yukta/Desktop/Project/venv/lib/python3.13/site-packages/django/template/defaulttags.py", line 471, in render
    url = reverse(view_name, args=args, kwargs=kwargs, current_app=current_app)
  File "/Users/yukta/Desktop/Project/venv/lib/python3.13/site-packages/django/urls/base.py", line 88, in reverse
    return resolver._reverse_with_prefix(view, prefix, *args, **kwargs)
           ~~~~~~~~~~~~~~~~~~~~~~~~~~~~~^^^^^^^^^^^^^^^^^^^^^^^^^^^^^^^
  File "/Users/yukta/Desktop/Project/venv/lib/python3.13/site-packages/django/urls/resolvers.py", line 828, in _reverse_with_prefix
    raise NoReverseMatch(msg)
django.urls.exceptions.NoReverseMatch: Reverse for 'khalti_verify' not found. 'khalti_verify' is not a valid view function or pattern name.
"GET /khalti/payment/?order_id=ORD-05700646 HTTP/1.1" 500 123918
"GET /khalti/payment/?order_id=ORD-05700646 HTTP/1.1" 500 123918
"GET /khalti/payment/?order_id=ORD-05700646 HTTP/1.1" 200 27397
"GET /khalti/payment/?order_id=ORD-05700646 HTTP/1.1" 200 27397
/Users/yukta/Desktop/Project/ecommerce/settings.py changed, reloading.
/Users/yukta/Desktop/Project/ecommerce/settings.py changed, reloading.
Watching for file changes with StatReloader
Watching for file changes with StatReloader
/Users/yukta/Desktop/Project/ecommerce/settings.py changed, reloading.
/Users/yukta/Desktop/Project/ecommerce/settings.py changed, reloading.
Watching for file changes with StatReloader
Watching for file changes with StatReloader
"GET / HTTP/1.1" 200 130696
"GET / HTTP/1.1" 200 130696
"GET /checkout/ HTTP/1.1" 200 40065
"GET /checkout/ HTTP/1.1" 200 40065
"POST /checkout/ HTTP/1.1" 200 39187
"POST /checkout/ HTTP/1.1" 200 39187
Khalti payment initiated for order ORD-D68B0399, amount: Rs. 6700.00
"GET /khalti/payment/?order_id=ORD-D68B0399 HTTP/1.1" 200 25792
"GET /khalti/payment/?order_id=ORD-D68B0399 HTTP/1.1" 200 25792
"GET /about/ HTTP/1.1" 200 14366
"GET /about/ HTTP/1.1" 200 14366
"GET /team/ HTTP/1.1" 200 19868
"GET /team/ HTTP/1.1" 200 19868
"GET /blog/ HTTP/1.1" 200 16350
"GET /blog/ HTTP/1.1" 200 16350
"GET /checkout/ HTTP/1.1" 200 40065
"GET /checkout/ HTTP/1.1" 200 40065
"GET /profile/ HTTP/1.1" 200 65780
"GET /profile/ HTTP/1.1" 200 65780
Not Found: /cancel-order/ORD-CF05BD76/
Not Found: /cancel-order/ORD-CF05BD76/
"POST /cancel-order/ORD-CF05BD76/ HTTP/1.1" 404 5832
"POST /cancel-order/ORD-CF05BD76/ HTTP/1.1" 404 5832
Not Found: /cancel-order/ORD-27373C6B/
Not Found: /cancel-order/ORD-27373C6B/
"POST /cancel-order/ORD-27373C6B/ HTTP/1.1" 404 5832
"POST /cancel-order/ORD-27373C6B/ HTTP/1.1" 404 5832
/Users/yukta/Desktop/Project/ecommerceapp/urls.py changed, reloading.
/Users/yukta/Desktop/Project/ecommerceapp/urls.py changed, reloading.
Watching for file changes with StatReloader
Watching for file changes with StatReloader
"POST /cancel-order/ORD-27373C6B/ HTTP/1.1" 302 0
"POST /cancel-order/ORD-27373C6B/ HTTP/1.1" 302 0
"GET /orders/ HTTP/1.1" 200 75711
"GET /orders/ HTTP/1.1" 200 75711
"GET /orders/ORD-27558542/ HTTP/1.1" 200 43163
"GET /orders/ORD-27558542/ HTTP/1.1" 200 43163
"GET /orders/ORD-27558542/ HTTP/1.1" 200 43163
"GET /orders/ORD-27558542/ HTTP/1.1" 200 43163
"GET /orders/ HTTP/1.1" 200 75312
"GET /orders/ HTTP/1.1" 200 75312
"GET /orders/ORD-EC66B059/ HTTP/1.1" 200 43161
"GET /orders/ORD-EC66B059/ HTTP/1.1" 200 43161
"GET /orders/ORD-EC66B059/ HTTP/1.1" 200 43161
"GET /orders/ORD-EC66B059/ HTTP/1.1" 200 43161
"GET /orders/ HTTP/1.1" 200 75312
"GET /orders/ HTTP/1.1" 200 75312
"GET /profile/ HTTP/1.1" 200 65266
"GET /profile/ HTTP/1.1" 200 65266
"POST /cancel-order/ORD-CF05BD76/ HTTP/1.1" 302 0
"POST /cancel-order/ORD-CF05BD76/ HTTP/1.1" 302 0
"GET /orders/ HTTP/1.1" 200 75450
"GET /orders/ HTTP/1.1" 200 75450
"GET /orders/ HTTP/1.1" 200 75051
"GET /orders/ HTTP/1.1" 200 75051
"GET /profile/ HTTP/1.1" 200 64752
"GET /profile/ HTTP/1.1" 200 64752
"GET /orders/ORD-D68B0399/ HTTP/1.1" 200 43163
"GET /orders/ORD-D68B0399/ HTTP/1.1" 200 43163
Khalti payment initiated for order ORD-D68B0399, amount: Rs. 6700.00
"GET /khalti/payment/?order_id=ORD-D68B0399 HTTP/1.1" 200 25753
"GET /khalti/payment/?order_id=ORD-D68B0399 HTTP/1.1" 200 25753
Khalti payment initiated for order ORD-D68B0399, amount: Rs. 6700.00
Internal Server Error: /khalti/payment/
Traceback (most recent call last):
  File "/Users/yukta/Desktop/Project/venv/lib/python3.13/site-packages/django/core/handlers/exception.py", line 55, in inner
    response = get_response(request)
  File "/Users/yukta/Desktop/Project/venv/lib/python3.13/site-packages/django/core/handlers/base.py", line 197, in _get_response
    response = wrapped_callback(request, *callback_args, **callback_kwargs)
  File "/Users/yukta/Desktop/Project/venv/lib/python3.13/site-packages/django/contrib/auth/decorators.py", line 23, in _wrapper_view
    return view_func(request, *args, **kwargs)
  File "/Users/yukta/Desktop/Project/ecommerceapp/views.py", line 420, in khalti_payment
    return render(request, 'khalti_payment.html', context)
  File "/Users/yukta/Desktop/Project/venv/lib/python3.13/site-packages/django/shortcuts.py", line 24, in render
    content = loader.render_to_string(template_name, context, request, using=using)
  File "/Users/yukta/Desktop/Project/venv/lib/python3.13/site-packages/django/template/loader.py", line 61, in render_to_string
    template = get_template(template_name, using=using)
  File "/Users/yukta/Desktop/Project/venv/lib/python3.13/site-packages/django/template/loader.py", line 15, in get_template
    return engine.get_template(template_name)
           ~~~~~~~~~~~~~~~~~~~^^^^^^^^^^^^^^^
  File "/Users/yukta/Desktop/Project/venv/lib/python3.13/site-packages/django/template/backends/django.py", line 33, in get_template
    return Template(self.engine.get_template(template_name), self)
                    ~~~~~~~~~~~~~~~~~~~~~~~~^^^^^^^^^^^^^^^
  File "/Users/yukta/Desktop/Project/venv/lib/python3.13/site-packages/django/template/engine.py", line 175, in get_template
    template, origin = self.find_template(template_name)
                       ~~~~~~~~~~~~~~~~~~^^^^^^^^^^^^^^^
  File "/Users/yukta/Desktop/Project/venv/lib/python3.13/site-packages/django/template/engine.py", line 157, in find_template
    template = loader.get_template(name, skip=skip)
  File "/Users/yukta/Desktop/Project/venv/lib/python3.13/site-packages/django/template/loaders/cached.py", line 57, in get_template
    template = super().get_template(template_name, skip)
  File "/Users/yukta/Desktop/Project/venv/lib/python3.13/site-packages/django/template/loaders/base.py", line 28, in get_template
    return Template(
        contents,
    ...<2 lines>...
        self.engine,
    )
  File "/Users/yukta/Desktop/Project/venv/lib/python3.13/site-packages/django/template/base.py", line 154, in __init__
    self.nodelist = self.compile_nodelist()
                    ~~~~~~~~~~~~~~~~~~~~~^^
  File "/Users/yukta/Desktop/Project/venv/lib/python3.13/site-packages/django/template/base.py", line 200, in compile_nodelist
    return parser.parse()
           ~~~~~~~~~~~~^^
  File "/Users/yukta/Desktop/Project/venv/lib/python3.13/site-packages/django/template/base.py", line 513, in parse
    raise self.error(token, e)
  File "/Users/yukta/Desktop/Project/venv/lib/python3.13/site-packages/django/template/base.py", line 511, in parse
    compiled_result = compile_func(self, token)
  File "/Users/yukta/Desktop/Project/venv/lib/python3.13/site-packages/django/template/loader_tags.py", line 293, in do_extends
    nodelist = parser.parse()
  File "/Users/yukta/Desktop/Project/venv/lib/python3.13/site-packages/django/template/base.py", line 513, in parse
    raise self.error(token, e)
  File "/Users/yukta/Desktop/Project/venv/lib/python3.13/site-packages/django/template/base.py", line 511, in parse
    compiled_result = compile_func(self, token)
  File "/Users/yukta/Desktop/Project/venv/lib/python3.13/site-packages/django/template/loader_tags.py", line 238, in do_block
    parser.invalid_block_tag(endblock, "endblock", acceptable_endblocks)
    ~~~~~~~~~~~~~~~~~~~~~~~~^^^^^^^^^^^^^^^^^^^^^^^^^^^^^^^^^^^^^^^^^^^^
  File "/Users/yukta/Desktop/Project/venv/lib/python3.13/site-packages/django/template/base.py", line 558, in invalid_block_tag
    raise self.error(
    ...<8 lines>...
    )
django.template.exceptions.TemplateSyntaxError: Invalid block tag on line 1098: 'endblock', expected 'endblock' or 'endblock content'. Did you forget to register or load this tag?
Internal Server Error: /khalti/payment/
Traceback (most recent call last):
  File "/Users/yukta/Desktop/Project/venv/lib/python3.13/site-packages/django/core/handlers/exception.py", line 55, in inner
    response = get_response(request)
  File "/Users/yukta/Desktop/Project/venv/lib/python3.13/site-packages/django/core/handlers/base.py", line 197, in _get_response
    response = wrapped_callback(request, *callback_args, **callback_kwargs)
  File "/Users/yukta/Desktop/Project/venv/lib/python3.13/site-packages/django/contrib/auth/decorators.py", line 23, in _wrapper_view
    return view_func(request, *args, **kwargs)
  File "/Users/yukta/Desktop/Project/ecommerceapp/views.py", line 420, in khalti_payment
    return render(request, 'khalti_payment.html', context)
  File "/Users/yukta/Desktop/Project/venv/lib/python3.13/site-packages/django/shortcuts.py", line 24, in render
    content = loader.render_to_string(template_name, context, request, using=using)
  File "/Users/yukta/Desktop/Project/venv/lib/python3.13/site-packages/django/template/loader.py", line 61, in render_to_string
    template = get_template(template_name, using=using)
  File "/Users/yukta/Desktop/Project/venv/lib/python3.13/site-packages/django/template/loader.py", line 15, in get_template
    return engine.get_template(template_name)
           ~~~~~~~~~~~~~~~~~~~^^^^^^^^^^^^^^^
  File "/Users/yukta/Desktop/Project/venv/lib/python3.13/site-packages/django/template/backends/django.py", line 33, in get_template
    return Template(self.engine.get_template(template_name), self)
                    ~~~~~~~~~~~~~~~~~~~~~~~~^^^^^^^^^^^^^^^
  File "/Users/yukta/Desktop/Project/venv/lib/python3.13/site-packages/django/template/engine.py", line 175, in get_template
    template, origin = self.find_template(template_name)
                       ~~~~~~~~~~~~~~~~~~^^^^^^^^^^^^^^^
  File "/Users/yukta/Desktop/Project/venv/lib/python3.13/site-packages/django/template/engine.py", line 157, in find_template
    template = loader.get_template(name, skip=skip)
  File "/Users/yukta/Desktop/Project/venv/lib/python3.13/site-packages/django/template/loaders/cached.py", line 57, in get_template
    template = super().get_template(template_name, skip)
  File "/Users/yukta/Desktop/Project/venv/lib/python3.13/site-packages/django/template/loaders/base.py", line 28, in get_template
    return Template(
        contents,
    ...<2 lines>...
        self.engine,
    )
  File "/Users/yukta/Desktop/Project/venv/lib/python3.13/site-packages/django/template/base.py", line 154, in __init__
    self.nodelist = self.compile_nodelist()
                    ~~~~~~~~~~~~~~~~~~~~~^^
  File "/Users/yukta/Desktop/Project/venv/lib/python3.13/site-packages/django/template/base.py", line 200, in compile_nodelist
    return parser.parse()
           ~~~~~~~~~~~~^^
  File "/Users/yukta/Desktop/Project/venv/lib/python3.13/site-packages/django/template/base.py", line 513, in parse
    raise self.error(token, e)
  File "/Users/yukta/Desktop/Project/venv/lib/python3.13/site-packages/django/template/base.py", line 511, in parse
    compiled_result = compile_func(self, token)
  File "/Users/yukta/Desktop/Project/venv/lib/python3.13/site-packages/django/template/loader_tags.py", line 293, in do_extends
    nodelist = parser.parse()
  File "/Users/yukta/Desktop/Project/venv/lib/python3.13/site-packages/django/template/base.py", line 513, in parse
    raise self.error(token, e)
  File "/Users/yukta/Desktop/Project/venv/lib/python3.13/site-packages/django/template/base.py", line 511, in parse
    compiled_result = compile_func(self, token)
  File "/Users/yukta/Desktop/Project/venv/lib/python3.13/site-packages/django/template/loader_tags.py", line 238, in do_block
    parser.invalid_block_tag(endblock, "endblock", acceptable_endblocks)
    ~~~~~~~~~~~~~~~~~~~~~~~~^^^^^^^^^^^^^^^^^^^^^^^^^^^^^^^^^^^^^^^^^^^^
  File "/Users/yukta/Desktop/Project/venv/lib/python3.13/site-packages/django/template/base.py", line 558, in invalid_block_tag
    raise self.error(
    ...<8 lines>...
    )
django.template.exceptions.TemplateSyntaxError: Invalid block tag on line 1098: 'endblock', expected 'endblock' or 'endblock content'. Did you forget to register or load this tag?
"GET /khalti/payment/?order_id=ORD-D68B0399 HTTP/1.1" 500 186023
"GET /khalti/payment/?order_id=ORD-D68B0399 HTTP/1.1" 500 186023
Khalti payment initiated for order ORD-D68B0399, amount: Rs. 6700.00
"GET /khalti/payment/?order_id=ORD-D68B0399 HTTP/1.1" 200 35340
"GET /khalti/payment/?order_id=ORD-D68B0399 HTTP/1.1" 200 35340
"GET /esewa/payment/?order_id=ORD-D68B0399 HTTP/1.1" 200 26120
"GET /esewa/payment/?order_id=ORD-D68B0399 HTTP/1.1" 200 26120
Forbidden (CSRF token missing.): /esewa/payment/
Forbidden (CSRF token missing.): /esewa/payment/
"POST /esewa/payment/?order_id=ORD-D68B0399 HTTP/1.1" 403 2506
"POST /esewa/payment/?order_id=ORD-D68B0399 HTTP/1.1" 403 2506
/Users/yukta/Desktop/Project/ecommerce/settings.py changed, reloading.
/Users/yukta/Desktop/Project/ecommerce/settings.py changed, reloading.
Watching for file changes with StatReloader
Watching for file changes with StatReloader
"GET /esewa/payment/?order_id=ORD-D68B0399 HTTP/1.1" 200 26555
"GET /esewa/payment/?order_id=ORD-D68B0399 HTTP/1.1" 200 26555
Khalti payment initiated for order ORD-D68B0399, amount: Rs. 6700.00
"GET /khalti/payment/?order_id=ORD-D68B0399 HTTP/1.1" 200 35340
"GET /khalti/payment/?order_id=ORD-D68B0399 HTTP/1.1" 200 35340
Watching for file changes with StatReloader
Watching for file changes with StatReloader
"GET / HTTP/1.1" 200 130696
"GET / HTTP/1.1" 200 130696
"GET /static/assets/vendor/glightbox/css/glightbox.min.css HTTP/1.1" 304 0
"GET /static/assets/vendor/aos/aos.css HTTP/1.1" 304 0
"GET /static/assets/vendor/glightbox/css/glightbox.min.css HTTP/1.1" 304 0
"GET /static/assets/vendor/aos/aos.css HTTP/1.1" 304 0
"GET /static/assets/vendor/swiper/swiper-bundle.min.css HTTP/1.1" 304 0
"GET /static/assets/vendor/swiper/swiper-bundle.min.css HTTP/1.1" 304 0
"GET /static/assets/img/logo.png HTTP/1.1" 200 497864
"GET /static/assets/img/logo.png HTTP/1.1" 200 497864
"GET /static/assets/vendor/php-email-form/validate.js HTTP/1.1" 304 0
"GET /static/assets/vendor/php-email-form/validate.js HTTP/1.1" 304 0
"GET /static/assets/vendor/aos/aos.js HTTP/1.1" 304 0
"GET /static/assets/vendor/aos/aos.js HTTP/1.1" 304 0
"GET /static/assets/vendor/isotope-layout/isotope.pkgd.min.js HTTP/1.1" 304 0
"GET /static/assets/vendor/imagesloaded/imagesloaded.pkgd.min.js HTTP/1.1" 304 0
"GET /static/assets/vendor/imagesloaded/imagesloaded.pkgd.min.js HTTP/1.1" 304 0
"GET /static/assets/vendor/isotope-layout/isotope.pkgd.min.js HTTP/1.1" 304 0
"GET /static/assets/js/main.js HTTP/1.1" 304 0
"GET /static/assets/js/main.js HTTP/1.1" 304 0
"GET /media/products/Messi.png HTTP/1.1" 200 493319
"GET /media/products/Messi.png HTTP/1.1" 200 493319
"GET /media/products/Hoodie.webp HTTP/1.1" 200 299278
"GET /media/products/Hoodie.webp HTTP/1.1" 200 299278
"GET /media/products/Bluejeans.jpg HTTP/1.1" 200 500104
"GET /media/products/Bluejeans.jpg HTTP/1.1" 200 500104
"GET /media/products/blazzer.jpg HTTP/1.1" 200 329022
"GET /media/products/blazzer.jpg HTTP/1.1" 200 329022
"GET /media/products/lengs.jpg HTTP/1.1" 200 367771
"GET /media/products/lengs.jpg HTTP/1.1" 200 367771
"GET /media/products/Formal_Pnat.jpg HTTP/1.1" 200 296161
"GET /media/products/Formal_Pnat.jpg HTTP/1.1" 200 296161
"GET /media/products/pink_bag.png HTTP/1.1" 200 423860
"GET /media/products/pink_bag.png HTTP/1.1" 200 423860
"GET /media/products/Watch.png HTTP/1.1" 200 724118
"GET /media/products/Watch.png HTTP/1.1" 200 724118
"GET /media/products/White_Earing.png HTTP/1.1" 200 2330699
"GET /media/products/White_Earing.png HTTP/1.1" 200 2330699
"GET /media/products/Gril_sunglass.png HTTP/1.1" 200 1025175
"GET /media/products/Gril_sunglass.png HTTP/1.1" 200 1025175
"GET /media/products/Mens_Watch.png HTTP/1.1" 200 910110
"GET /media/products/Mens_Watch.png HTTP/1.1" 200 910110
"GET /media/products/Locket.png HTTP/1.1" 200 3171918
"GET /media/products/Locket.png HTTP/1.1" 200 3171918
"GET /media/products/Girls_belt.png HTTP/1.1" 200 527378
"GET /media/products/Girls_belt.png HTTP/1.1" 200 527378
"GET /media/products/Grey_glass.png HTTP/1.1" 200 548918
"GET /media/products/Grey_glass.png HTTP/1.1" 200 548918
"GET /media/products/Flower_earring.png HTTP/1.1" 200 3200532
"GET /media/products/Flower_earring.png HTTP/1.1" 200 3200532
"GET /media/products/black_bag.png HTTP/1.1" 200 248539
"GET /media/products/black_bag.png HTTP/1.1" 200 248539
"GET /media/products/Floral_scarf.png HTTP/1.1" 200 862518
"GET /media/products/Floral_scarf.png HTTP/1.1" 200 862518
"GET /media/products/Brown_scrf.png HTTP/1.1" 200 662985
"GET /media/products/Brown_scrf.png HTTP/1.1" 200 662985
"GET /media/products/Diamond_locket.png HTTP/1.1" 200 2481839
"GET /media/products/Diamond_locket.png HTTP/1.1" 200 2481839
"GET /media/products/Earing.png HTTP/1.1" 200 1852083
"GET /media/products/Earing.png HTTP/1.1" 200 1852083
"GET /media/products/Beltt.png HTTP/1.1" 200 1730687
"GET /media/products/Beltt.png HTTP/1.1" 200 1730687
"GET /media/products/Belt.png HTTP/1.1" 200 898110
"GET /media/products/Belt.png HTTP/1.1" 200 898110
"GET /media/products/Earings.png HTTP/1.1" 200 3246711
"GET /media/products/Earings.png HTTP/1.1" 200 3246711
"GET /authen/logout/ HTTP/1.1" 302 0
"GET /authen/logout/ HTTP/1.1" 302 0
"GET /authen/login/ HTTP/1.1" 200 12967
"GET /authen/login/ HTTP/1.1" 200 12967
"GET /static/assets/img/login.jpeg HTTP/1.1" 200 1306874
"GET /static/assets/img/login.jpeg HTTP/1.1" 200 1306874
"GET /authen/signup/ HTTP/1.1" 200 14205
"GET /authen/signup/ HTTP/1.1" 200 14205
"POST /authen/signup/ HTTP/1.1" 302 0
"POST /authen/signup/ HTTP/1.1" 302 0
"GET /authen/login/ HTTP/1.1" 200 13002
"GET /authen/login/ HTTP/1.1" 200 13002
"GET /authen/activate/Mg/cxjhvn-a2d55ac0f29609f1baa08a0297627dff/ HTTP/1.1" 302 0
"GET /authen/activate/Mg/cxjhvn-a2d55ac0f29609f1baa08a0297627dff/ HTTP/1.1" 302 0
"GET /authen/login/ HTTP/1.1" 200 12980
"GET /authen/login/ HTTP/1.1" 200 12980
"POST /authen/login/ HTTP/1.1" 302 0
"POST /authen/login/ HTTP/1.1" 302 0
"GET / HTTP/1.1" 200 130696
"GET / HTTP/1.1" 200 130696
"GET /about/ HTTP/1.1" 200 14366
"GET /about/ HTTP/1.1" 200 14366
"GET /static/assets/img/about.png HTTP/1.1" 200 1575476
"GET /static/assets/img/about.png HTTP/1.1" 200 1575476
"GET /team/ HTTP/1.1" 200 19868
"GET /team/ HTTP/1.1" 200 19868
"GET /static/assets/img/team/team-2.png HTTP/1.1" 200 627230
"GET /static/assets/img/team/team-2.png HTTP/1.1" 200 627230
"GET /static/assets/img/team/team-3.png HTTP/1.1" 200 1179276
"GET /static/assets/img/team/team-3.png HTTP/1.1" 200 1179276
"GET /static/assets/img/team/Team-1.png HTTP/1.1" 200 4681009
"GET /static/assets/img/team/Team-1.png HTTP/1.1" 200 4681009
"GET /blog/ HTTP/1.1" 200 16350
"GET /blog/ HTTP/1.1" 200 16350
"GET /static/assets/img/blog/belt.jpg HTTP/1.1" 200 251783
"GET /static/assets/img/blog/belt.jpg HTTP/1.1" 200 251783
"GET /static/assets/img/blog/statement-necklace.png HTTP/1.1" 200 906188
"GET /static/assets/img/blog/statement-necklace.png HTTP/1.1" 200 906188
"GET /profile/ HTTP/1.1" 200 47486
"GET /profile/ HTTP/1.1" 200 47486
"GET / HTTP/1.1" 200 130696
"GET / HTTP/1.1" 200 130696
"GET /checkout/ HTTP/1.1" 200 40066
"GET /checkout/ HTTP/1.1" 200 40066
"POST /checkout/ HTTP/1.1" 200 39476
"POST /checkout/ HTTP/1.1" 200 39476
Khalti payment initiated for order ORD-B5681F98, amount: Rs. 11800.00
"GET /khalti/payment/?order_id=ORD-B5681F98 HTTP/1.1" 200 35347
"GET /khalti/payment/?order_id=ORD-B5681F98 HTTP/1.1" 200 35347
"GET /orders/ HTTP/1.1" 200 42325
"GET /orders/ HTTP/1.1" 200 42325
"GET /orders/ORD-B5681F98/ HTTP/1.1" 200 43164
"GET /orders/ORD-B5681F98/ HTTP/1.1" 200 43164
"GET /contact/ HTTP/1.1" 200 29595
"GET /contact/ HTTP/1.1" 200 29595
"GET /contact/? HTTP/1.1" 200 29595
"GET /contact/? HTTP/1.1" 200 29595
"GET / HTTP/1.1" 200 130696
"GET / HTTP/1.1" 200 130696
"GET /about/ HTTP/1.1" 200 14366
"GET /about/ HTTP/1.1" 200 14366
/Users/yukta/Desktop/Project/ecommerceapp/views.py changed, reloading.
/Users/yukta/Desktop/Project/ecommerceapp/views.py changed, reloading.
Watching for file changes with StatReloader
Watching for file changes with StatReloader
/Users/yukta/Desktop/Project/ecommerce/settings.py changed, reloading.
/Users/yukta/Desktop/Project/ecommerce/settings.py changed, reloading.
